🚀 Initializing Swarm Learning network with 50 nodes...

[Client 1] Initiating Solid Pod Sync...

[Client 2] Initiating Solid Pod Sync...   [Solid Auth] Requesting access token for user1...

   [Solid Auth] Requesting access token for user2...

[Client 3] Initiating Solid Pod Sync...
   [Solid Auth] Requesting access token for user3...
[Client 1] Local training... Privacy Flag is INCLUDING vulnerable data.
[Client 2] Local training... Privacy Flag is INCLUDING vulnerable data.
[Client 3] Local training... Privacy Flag is INCLUDING vulnerable data.

[Client 4] Initiating Solid Pod Sync...
   [Solid Auth] Requesting access token for user4...
[Client 4] Local training... Privacy Flag is INCLUDING vulnerable data.

[Client 5] Initiating Solid Pod Sync...
   [Solid Auth] Requesting access token for user5...

[Client 6] Initiating Solid Pod Sync...
   [Solid Auth] Requesting access token for user6...
[Client 5] Local training... Privacy Flag is INCLUDING vulnerable data.
[Client 6] Local training... Privacy Flag is INCLUDING vulnerable data.

[Client 7] Initiating Solid Pod Sync...
   [Solid Auth] Requesting access token for user7...
[Client 7] Local training... Privacy Flag is INCLUDING vulnerable data.

[Client 8] Initiating Solid Pod Sync...
   [Solid Auth] Requesting access token for user8...
[Client 8] Local training... Privacy Flag is INCLUDING vulnerable data.

[Client 11] Initiating Solid Pod Sync...
   [Solid Auth] Requesting access token for user11...

[Client 9] Initiating Solid Pod Sync...
   [Solid Auth] Requesting access token for user9...

[Client 10] Initiating Solid Pod Sync...
   [Solid Auth] Requesting access token for user10...
[Client 11] Local training... Privacy Flag is INCLUDING vulnerable data.
[Client 9] Local training... Privacy Flag is INCLUDING vulnerable data.
[Client 10] Local training... Privacy Flag is INCLUDING vulnerable data.

[Client 12] Initiating Solid Pod Sync...
   [Solid Auth] Requesting access token for user12...
[Client 12] Local training... Privacy Flag is INCLUDING vulnerable data.

[Client 13] Initiating Solid Pod Sync...
   [Solid Auth] Requesting access token for user13...
[Client 13] Local training... Privacy Flag is INCLUDING vulnerable data.

[Client 15] Initiating Solid Pod Sync...
   [Solid Auth] Requesting access token for user15...

[Client 16] Initiating Solid Pod Sync...
   [Solid Auth] Requesting access token for user16...
[Client 15] Local training... Privacy Flag is INCLUDING vulnerable data.
[Client 16] Local training... Privacy Flag is INCLUDING vulnerable data.

[Client 14] Initiating Solid Pod Sync...
   [Solid Auth] Requesting access token for user14...
[Client 14] Local training... Privacy Flag is INCLUDING vulnerable data.

[Client 17] Initiating Solid Pod Sync...
   [Solid Auth] Requesting access token for user17...
[Client 17] Local training... Privacy Flag is INCLUDING vulnerable data.

[Client 18] Initiating Solid Pod Sync...
   [Solid Auth] Requesting access token for user18...
[Client 18] Local training... Privacy Flag is INCLUDING vulnerable data.

[Client 20] Initiating Solid Pod Sync...
   [Solid Auth] Requesting access token for user20...

[Client 19] Initiating Solid Pod Sync...
   [Solid Auth] Requesting access token for user19...
[Client 20] Local training... Privacy Flag is INCLUDING vulnerable data.
[Client 19] Local training... Privacy Flag is INCLUDING vulnerable data.

[Client 21] Initiating Solid Pod Sync...
   [Solid Auth] Requesting access token for user21...
[Client 21] Local training... Privacy Flag is INCLUDING vulnerable data.

[Client 23] Initiating Solid Pod Sync...
   [Solid Auth] Requesting access token for user23...
[Client 23] Local training... Privacy Flag is INCLUDING vulnerable data.

[Client 22] Initiating Solid Pod Sync...
   [Solid Auth] Requesting access token for user22...

[Client 24] Initiating Solid Pod Sync...
   [Solid Auth] Requesting access token for user24...
[Client 22] Local training... Privacy Flag is INCLUDING vulnerable data.
[Client 24] Local training... Privacy Flag is INCLUDING vulnerable data.

[Client 28] Initiating Solid Pod Sync...
   [Solid Auth] Requesting access token for user28...

[Client 26] Initiating Solid Pod Sync...
   [Solid Auth] Requesting access token for user26...
[Client 28] Local training... Privacy Flag is INCLUDING vulnerable data.
[Client 26] Local training... Privacy Flag is INCLUDING vulnerable data.

[Client 25] Initiating Solid Pod Sync...
   [Solid Auth] Requesting access token for user25...

[Client 30] Initiating Solid Pod Sync...
   [Solid Auth] Requesting access token for user30...
[Client 25] Local training... Privacy Flag is INCLUDING vulnerable data.
[Client 30] Local training... Privacy Flag is INCLUDING vulnerable data.

[Client 27] Initiating Solid Pod Sync...
   [Solid Auth] Requesting access token for user27...

[Client 29] Initiating Solid Pod Sync...
   [Solid Auth] Requesting access token for user29...
[Client 27] Local training... Privacy Flag is INCLUDING vulnerable data.
[Client 29] Local training... Privacy Flag is INCLUDING vulnerable data.

[Client 31] Initiating Solid Pod Sync...
   [Solid Auth] Requesting access token for user31...

[Client 32] Initiating Solid Pod Sync...
   [Solid Auth] Requesting access token for user32...
[Client 31] Local training... Privacy Flag is INCLUDING vulnerable data.
[Client 32] Local training... Privacy Flag is INCLUDING vulnerable data.

[Client 33] Initiating Solid Pod Sync...
   [Solid Auth] Requesting access token for user33...
[Client 33] Local training... Privacy Flag is INCLUDING vulnerable data.

[Client 34] Initiating Solid Pod Sync...
   [Solid Auth] Requesting access token for user34...
[Client 34] Local training... Privacy Flag is INCLUDING vulnerable data.

[Client 35] Initiating Solid Pod Sync...
   [Solid Auth] Requesting access token for user35...

[Client 36] Initiating Solid Pod Sync...
   [Solid Auth] Requesting access token for user36...
[Client 36] Local training... Privacy Flag is INCLUDING vulnerable data.
[Client 35] Local training... Privacy Flag is INCLUDING vulnerable data.

[Client 37] Initiating Solid Pod Sync...
   [Solid Auth] Requesting access token for user37...
[Client 37] Local training... Privacy Flag is INCLUDING vulnerable data.
✅ All 50 nodes are now live and training independently!

[Client 38] Initiating Solid Pod Sync...
   [Solid Auth] Requesting access token for user38...

[Client 43] Initiating Solid Pod Sync...
   [Solid Auth] Requesting access token for user43...

[Client 39] Initiating Solid Pod Sync...
   [Solid Auth] Requesting access token for user39...
[Client 38] Local training... Privacy Flag is INCLUDING vulnerable data.
[Client 43] Local training... Privacy Flag is INCLUDING vulnerable data.
[Client 39] Local training... Privacy Flag is INCLUDING vulnerable data.

[Client 42] Initiating Solid Pod Sync...
   [Solid Auth] Requesting access token for user42...

[Client 40] Initiating Solid Pod Sync...
   [Solid Auth] Requesting access token for user40...

[Client 41] Initiating Solid Pod Sync...
   [Solid Auth] Requesting access token for user41...
[Client 42] Local training... Privacy Flag is INCLUDING vulnerable data.

[Client 44] Initiating Solid Pod Sync...
   [Solid Auth] Requesting access token for user44...
[Client 40] Local training... Privacy Flag is INCLUDING vulnerable data.
[Client 41] Local training... Privacy Flag is INCLUDING vulnerable data.
[Client 44] Local training... Privacy Flag is INCLUDING vulnerable data.

[Client 45] Initiating Solid Pod Sync...
   [Solid Auth] Requesting access token for user45...
[Client 45] Local training... Privacy Flag is INCLUDING vulnerable data.

[Client 46] Initiating Solid Pod Sync...
   [Solid Auth] Requesting access token for user46...
[Client 46] Local training... Privacy Flag is INCLUDING vulnerable data.

[Client 47] Initiating Solid Pod Sync...
   [Solid Auth] Requesting access token for user47...

[Client 49] Initiating Solid Pod Sync...
   [Solid Auth] Requesting access token for user49...

[Client 50] Initiating Solid Pod Sync...
   [Solid Auth] Requesting access token for user50...
[Client 47] Local training... Privacy Flag is INCLUDING vulnerable data.
[Client 49] Local training... Privacy Flag is INCLUDING vulnerable data.
[Client 50] Local training... Privacy Flag is INCLUDING vulnerable data.

[Client 48] Initiating Solid Pod Sync...
   [Solid Auth] Requesting access token for user48...
[Client 48] Local training... Privacy Flag is INCLUDING vulnerable data.

[Client 48] Local training complete. Avg Loss: 0.0875
[Client 48] Submitting public recipe weights for Swarm 0...
[Client 48] Waiting for consensus on swarm 0...

[Client 47] Local training complete. Avg Loss: 0.0863

[Client 45] Local training complete. Avg Loss: 0.0879

[Client 50] Local training complete. Avg Loss: 0.0889

[Client 49] Local training complete. Avg Loss: 0.0869

[Client 43] Local training complete. Avg Loss: 0.0875

[Client 44] Local training complete. Avg Loss: 0.0871
[Client 47] Submitting public recipe weights for Swarm 0...
[Client 47] Waiting for consensus on swarm 0...

[Client 41] Local training complete. Avg Loss: 0.0865
[Client 50] Submitting public recipe weights for Swarm 0...
[Client 45] Submitting public recipe weights for Swarm 0...
[Client 50] Waiting for consensus on swarm 0...
[Client 45] Waiting for consensus on swarm 0...
[Client 49] Submitting public recipe weights for Swarm 0...
[Client 49] Waiting for consensus on swarm 0...
[Client 43] Submitting public recipe weights for Swarm 0...
[Client 44] Submitting public recipe weights for Swarm 0...
[Client 43] Waiting for consensus on swarm 0...
[Client 44] Waiting for consensus on swarm 0...

[Client 46] Local training complete. Avg Loss: 0.0860
[Client 41] Submitting public recipe weights for Swarm 0...
[Client 41] Waiting for consensus on swarm 0...
[Client 46] Submitting public recipe weights for Swarm 0...
[Client 46] Waiting for consensus on swarm 0...

[Client 42] Local training complete. Avg Loss: 0.0862

[Client 40] Local training complete. Avg Loss: 0.0862
[Client 42] Submitting public recipe weights for Swarm 0...
[Client 40] Submitting public recipe weights for Swarm 0...
[Client 42] Waiting for consensus on swarm 0...
[Client 40] Waiting for consensus on swarm 0...

[Client 38] Local training complete. Avg Loss: 0.0865

[Client 39] Local training complete. Avg Loss: 0.0852

[Client 36] Local training complete. Avg Loss: 0.0844
[Client 38] Submitting public recipe weights for Swarm 0...
[Client 38] Waiting for consensus on swarm 0...
[Client 39] Submitting public recipe weights for Swarm 0...
[Client 39] Waiting for consensus on swarm 0...
[Client 36] Submitting public recipe weights for Swarm 0...
[Client 36] Waiting for consensus on swarm 0...

[Client 34] Local training complete. Avg Loss: 0.0841

[Client 33] Local training complete. Avg Loss: 0.0840
[Client 34] Submitting public recipe weights for Swarm 0...
[Client 34] Waiting for consensus on swarm 0...
[Client 33] Submitting public recipe weights for Swarm 0...
[Client 33] Waiting for consensus on swarm 0...

[Client 35] Local training complete. Avg Loss: 0.0854
[Client 35] Submitting public recipe weights for Swarm 0...
[Client 35] Waiting for consensus on swarm 0...

[Client 32] Local training complete. Avg Loss: 0.0836

[Client 29] Local training complete. Avg Loss: 0.0835

[Client 30] Local training complete. Avg Loss: 0.0827
[Client 32] Submitting public recipe weights for Swarm 0...
[Client 32] Waiting for consensus on swarm 0...
[Client 30] Submitting public recipe weights for Swarm 0...
[Client 29] Submitting public recipe weights for Swarm 0...
[Client 29] Waiting for consensus on swarm 0...
[Client 30] Waiting for consensus on swarm 0...

[Client 37] Local training complete. Avg Loss: 0.0839
[Client 37] Submitting public recipe weights for Swarm 0...
[Client 37] Waiting for consensus on swarm 0...

[Client 31] Local training complete. Avg Loss: 0.0826
[Client 31] Submitting public recipe weights for Swarm 0...
[Client 31] Waiting for consensus on swarm 0...

[Client 27] Local training complete. Avg Loss: 0.0815

[Client 26] Local training complete. Avg Loss: 0.0825
[Client 26] Submitting public recipe weights for Swarm 0...
[Client 27] Submitting public recipe weights for Swarm 0...
[Client 27] Waiting for consensus on swarm 0...
[Client 26] Waiting for consensus on swarm 0...

[Client 28] Local training complete. Avg Loss: 0.0826

[Client 23] Local training complete. Avg Loss: 0.0803

[Client 25] Local training complete. Avg Loss: 0.0821
[Client 28] Submitting public recipe weights for Swarm 0...
[Client 28] Waiting for consensus on swarm 0...

[Client 22] Local training complete. Avg Loss: 0.0809

[Client 24] Local training complete. Avg Loss: 0.0810

[Client 21] Local training complete. Avg Loss: 0.0808
[Client 23] Submitting public recipe weights for Swarm 0...
[Client 23] Waiting for consensus on swarm 0...
[Client 25] Submitting public recipe weights for Swarm 0...
[Client 25] Waiting for consensus on swarm 0...

[Client 19] Local training complete. Avg Loss: 0.0800
[Client 21] Submitting public recipe weights for Swarm 0...
[Client 24] Submitting public recipe weights for Swarm 0...
[Client 21] Waiting for consensus on swarm 0...
[Client 22] Submitting public recipe weights for Swarm 0...
[Client 24] Waiting for consensus on swarm 0...
[Client 22] Waiting for consensus on swarm 0...
[Client 19] Submitting public recipe weights for Swarm 0...
[Client 19] Waiting for consensus on swarm 0...

[Client 20] Local training complete. Avg Loss: 0.0807

[Client 18] Local training complete. Avg Loss: 0.0809

[Client 16] Local training complete. Avg Loss: 0.0802
[Client 20] Submitting public recipe weights for Swarm 0...
[Client 20] Waiting for consensus on swarm 0...
[Client 18] Submitting public recipe weights for Swarm 0...
[Client 16] Submitting public recipe weights for Swarm 0...
[Client 18] Waiting for consensus on swarm 0...
[Client 16] Waiting for consensus on swarm 0...

[Client 17] Local training complete. Avg Loss: 0.0808

[Client 15] Local training complete. Avg Loss: 0.0792
[Client 17] Submitting public recipe weights for Swarm 0...
[Client 17] Waiting for consensus on swarm 0...
[Client 15] Submitting public recipe weights for Swarm 0...
[Client 15] Waiting for consensus on swarm 0...

[Client 14] Local training complete. Avg Loss: 0.0786
[Client 14] Submitting public recipe weights for Swarm 0...
[Client 14] Waiting for consensus on swarm 0...

[Client 13] Local training complete. Avg Loss: 0.0786
[Client 13] Submitting public recipe weights for Swarm 0...
[Client 13] Waiting for consensus on swarm 0...

[Client 12] Local training complete. Avg Loss: 0.0780

[Client 10] Local training complete. Avg Loss: 0.0775
[Client 12] Submitting public recipe weights for Swarm 0...
[Client 12] Waiting for consensus on swarm 0...
[Client 10] Submitting public recipe weights for Swarm 0...
[Client 10] Waiting for consensus on swarm 0...

[Client 9] Local training complete. Avg Loss: 0.0766

[Client 11] Local training complete. Avg Loss: 0.0769
[Client 9] Submitting public recipe weights for Swarm 0...
[Client 11] Submitting public recipe weights for Swarm 0...
[Client 9] Waiting for consensus on swarm 0...
[Client 11] Waiting for consensus on swarm 0...

[Client 8] Local training complete. Avg Loss: 0.0762
[Client 8] Submitting public recipe weights for Swarm 0...
[Client 8] Waiting for consensus on swarm 0...

[Client 6] Local training complete. Avg Loss: 0.0755
[Client 6] Submitting public recipe weights for Swarm 0...
[Client 6] Waiting for consensus on swarm 0...

[Client 7] Local training complete. Avg Loss: 0.0752
[Client 7] Submitting public recipe weights for Swarm 0...
[Client 7] Waiting for consensus on swarm 0...

[Client 5] Local training complete. Avg Loss: 0.0731
[Client 5] Submitting public recipe weights for Swarm 0...
[Client 5] Waiting for consensus on swarm 0...

[Client 4] Local training complete. Avg Loss: 0.0722
[Client 4] Submitting public recipe weights for Swarm 0...
[Client 4] Waiting for consensus on swarm 0...

[Client 3] Local training complete. Avg Loss: 0.0716
[Client 3] Submitting public recipe weights for Swarm 0...
[Client 3] Waiting for consensus on swarm 0...

[Client 2] Local training complete. Avg Loss: 0.0694
[Client 2] Submitting public recipe weights for Swarm 0...
[Client 2] Waiting for consensus on swarm 0...

[Client 1] Local training complete. Avg Loss: 0.0671
[Client 1] Submitting public recipe weights for Swarm 0...
[Client 1] Waiting for consensus on swarm 0...
[Client 48] ELECTED LEADER ✅ for Swarm 0! Aggregating weights...
[Client 48] Submitting aggregated global model for Swarm 0...
[Client 40] Global model at Epoch 0 found. Downloading...
[Client 36] Global model at Epoch 0 found. Downloading...
[Client 37] Global model at Epoch 0 found. Downloading...
[Client 28] Global model at Epoch 0 found. Downloading...
[Client 22] Global model at Epoch 0 found. Downloading...
   [Client 48] Evaluated Epoch 0 and saved metrics to pod.
[Client 48] Local training... Privacy Flag is INCLUDING vulnerable data.
[Client 1] Global model at Epoch 0 found. Downloading...
[Client 29] Global model at Epoch 0 found. Downloading...
   [Client 28] Evaluated Epoch 0 and saved metrics to pod.
[Client 49] Global model at Epoch 0 found. Downloading...[Client 28] Local training... Privacy Flag is INCLUDING vulnerable data.[Client 33] Global model at Epoch 0 found. Downloading...


[Client 6] Global model at Epoch 0 found. Downloading...
   [Client 37] Evaluated Epoch 0 and saved metrics to pod.
[Client 31] Global model at Epoch 0 found. Downloading...
   [Client 40] Evaluated Epoch 0 and saved metrics to pod.
   [Client 36] Evaluated Epoch 0 and saved metrics to pod.
[Client 37] Local training... Privacy Flag is INCLUDING vulnerable data.[Client 40] Local training... Privacy Flag is INCLUDING vulnerable data.

   [Client 22] Evaluated Epoch 0 and saved metrics to pod.
[Client 36] Local training... Privacy Flag is INCLUDING vulnerable data.
[Client 43] Global model at Epoch 0 found. Downloading...
[Client 22] Local training... Privacy Flag is INCLUDING vulnerable data.
[Client 44] Global model at Epoch 0 found. Downloading...
[Client 25] Global model at Epoch 0 found. Downloading...
[Client 47] Global model at Epoch 0 found. Downloading...
[Client 34] Global model at Epoch 0 found. Downloading...
   [Client 1] Evaluated Epoch 0 and saved metrics to pod.
[Client 24] Global model at Epoch 0 found. Downloading...
[Client 35] Global model at Epoch 0 found. Downloading...
[Client 1] Local training... Privacy Flag is INCLUDING vulnerable data.
[Client 50] Global model at Epoch 0 found. Downloading...
[Client 38] Global model at Epoch 0 found. Downloading...
[Client 19] Global model at Epoch 0 found. Downloading...
[Client 45] Global model at Epoch 0 found. Downloading...
[Client 5] Global model at Epoch 0 found. Downloading...
[Client 21] Global model at Epoch 0 found. Downloading...[Client 2] Global model at Epoch 0 found. Downloading...

   [Client 29] Evaluated Epoch 0 and saved metrics to pod.
[Client 29] Local training... Privacy Flag is INCLUDING vulnerable data.
   [Client 33] Evaluated Epoch 0 and saved metrics to pod.
[Client 33] Local training... Privacy Flag is INCLUDING vulnerable data.
   [Client 31] Evaluated Epoch 0 and saved metrics to pod.
[Client 31] Local training... Privacy Flag is INCLUDING vulnerable data.
   [Client 49] Evaluated Epoch 0 and saved metrics to pod.
[Client 49] Local training... Privacy Flag is INCLUDING vulnerable data.
   [Client 47] Evaluated Epoch 0 and saved metrics to pod.
[Client 47] Local training... Privacy Flag is INCLUDING vulnerable data.
   [Client 44] Evaluated Epoch 0 and saved metrics to pod.
[Client 44] Local training... Privacy Flag is INCLUDING vulnerable data.
   [Client 43] Evaluated Epoch 0 and saved metrics to pod.   [Client 6] Evaluated Epoch 0 and saved metrics to pod.
   [Client 45] Evaluated Epoch 0 and saved metrics to pod.

   [Client 35] Evaluated Epoch 0 and saved metrics to pod.
[Client 6] Local training... Privacy Flag is INCLUDING vulnerable data.
[Client 45] Local training... Privacy Flag is INCLUDING vulnerable data.[Client 43] Local training... Privacy Flag is INCLUDING vulnerable data.

[Client 35] Local training... Privacy Flag is INCLUDING vulnerable data.
   [Client 34] Evaluated Epoch 0 and saved metrics to pod.
[Client 34] Local training... Privacy Flag is INCLUDING vulnerable data.
   [Client 38] Evaluated Epoch 0 and saved metrics to pod.
[Client 38] Local training... Privacy Flag is INCLUDING vulnerable data.
   [Client 19] Evaluated Epoch 0 and saved metrics to pod.
[Client 19] Local training... Privacy Flag is INCLUDING vulnerable data.
   [Client 24] Evaluated Epoch 0 and saved metrics to pod.
[Client 24] Local training... Privacy Flag is INCLUDING vulnerable data.
   [Client 25] Evaluated Epoch 0 and saved metrics to pod.
[Client 25] Local training... Privacy Flag is INCLUDING vulnerable data.
   [Client 5] Evaluated Epoch 0 and saved metrics to pod.
[Client 5] Local training... Privacy Flag is INCLUDING vulnerable data.
   [Client 2] Evaluated Epoch 0 and saved metrics to pod.
[Client 2] Local training... Privacy Flag is INCLUDING vulnerable data.
   [Client 50] Evaluated Epoch 0 and saved metrics to pod.
[Client 50] Local training... Privacy Flag is INCLUDING vulnerable data.
   [Client 21] Evaluated Epoch 0 and saved metrics to pod.
[Client 21] Local training... Privacy Flag is INCLUDING vulnerable data.
[Client 10] Global model at Epoch 0 found. Downloading...
[Client 18] Global model at Epoch 0 found. Downloading...
[Client 46] Global model at Epoch 0 found. Downloading...
[Client 12] Global model at Epoch 0 found. Downloading...
[Client 32] Global model at Epoch 0 found. Downloading...
[Client 42] Global model at Epoch 0 found. Downloading...
[Client 39] Global model at Epoch 0 found. Downloading...
[Client 23] Global model at Epoch 0 found. Downloading...
[Client 3] Global model at Epoch 0 found. Downloading...
[Client 26] Global model at Epoch 0 found. Downloading...
[Client 17] Global model at Epoch 0 found. Downloading...[Client 41] Global model at Epoch 0 found. Downloading...

[Client 14] Global model at Epoch 0 found. Downloading...
[Client 11] Global model at Epoch 0 found. Downloading...
[Client 7] Global model at Epoch 0 found. Downloading...
[Client 20] Global model at Epoch 0 found. Downloading...
[Client 15] Global model at Epoch 0 found. Downloading...
[Client 9] Global model at Epoch 0 found. Downloading...
[Client 27] Global model at Epoch 0 found. Downloading...
[Client 16] Global model at Epoch 0 found. Downloading...
[Client 13] Global model at Epoch 0 found. Downloading...
[Client 4] Global model at Epoch 0 found. Downloading...
[Client 8] Global model at Epoch 0 found. Downloading...
[Client 30] Global model at Epoch 0 found. Downloading...
   [Client 10] Evaluated Epoch 0 and saved metrics to pod.
[Client 10] Local training... Privacy Flag is INCLUDING vulnerable data.
   [Client 42] Evaluated Epoch 0 and saved metrics to pod.
[Client 42] Local training... Privacy Flag is INCLUDING vulnerable data.
   [Client 9] Evaluated Epoch 0 and saved metrics to pod.
[Client 9] Local training... Privacy Flag is INCLUDING vulnerable data.
   [Client 8] Evaluated Epoch 0 and saved metrics to pod.
[Client 8] Local training... Privacy Flag is INCLUDING vulnerable data.
   [Client 23] Evaluated Epoch 0 and saved metrics to pod.
[Client 23] Local training... Privacy Flag is INCLUDING vulnerable data.
   [Client 15] Evaluated Epoch 0 and saved metrics to pod.
   [Client 41] Evaluated Epoch 0 and saved metrics to pod.
   [Client 12] Evaluated Epoch 0 and saved metrics to pod.
   [Client 39] Evaluated Epoch 0 and saved metrics to pod.
[Client 15] Local training... Privacy Flag is INCLUDING vulnerable data.
[Client 12] Local training... Privacy Flag is INCLUDING vulnerable data.
[Client 41] Local training... Privacy Flag is INCLUDING vulnerable data.
[Client 39] Local training... Privacy Flag is INCLUDING vulnerable data.
   [Client 27] Evaluated Epoch 0 and saved metrics to pod.
[Client 27] Local training... Privacy Flag is INCLUDING vulnerable data.
   [Client 3] Evaluated Epoch 0 and saved metrics to pod.
   [Client 46] Evaluated Epoch 0 and saved metrics to pod.
   [Client 32] Evaluated Epoch 0 and saved metrics to pod.
[Client 3] Local training... Privacy Flag is INCLUDING vulnerable data.
   [Client 26] Evaluated Epoch 0 and saved metrics to pod.
[Client 46] Local training... Privacy Flag is INCLUDING vulnerable data.
[Client 32] Local training... Privacy Flag is INCLUDING vulnerable data.
   [Client 18] Evaluated Epoch 0 and saved metrics to pod.
[Client 26] Local training... Privacy Flag is INCLUDING vulnerable data.
   [Client 14] Evaluated Epoch 0 and saved metrics to pod.
[Client 18] Local training... Privacy Flag is INCLUDING vulnerable data.
   [Client 17] Evaluated Epoch 0 and saved metrics to pod.
[Client 14] Local training... Privacy Flag is INCLUDING vulnerable data.
[Client 17] Local training... Privacy Flag is INCLUDING vulnerable data.
   [Client 20] Evaluated Epoch 0 and saved metrics to pod.
   [Client 11] Evaluated Epoch 0 and saved metrics to pod.
   [Client 16] Evaluated Epoch 0 and saved metrics to pod.
[Client 20] Local training... Privacy Flag is INCLUDING vulnerable data.
[Client 16] Local training... Privacy Flag is INCLUDING vulnerable data.
[Client 11] Local training... Privacy Flag is INCLUDING vulnerable data.
   [Client 30] Evaluated Epoch 0 and saved metrics to pod.
   [Client 13] Evaluated Epoch 0 and saved metrics to pod.
[Client 30] Local training... Privacy Flag is INCLUDING vulnerable data.   [Client 7] Evaluated Epoch 0 and saved metrics to pod.

   [Client 4] Evaluated Epoch 0 and saved metrics to pod.
[Client 13] Local training... Privacy Flag is INCLUDING vulnerable data.
[Client 7] Local training... Privacy Flag is INCLUDING vulnerable data.
[Client 4] Local training... Privacy Flag is INCLUDING vulnerable data.

[Client 48] Local training complete. Avg Loss: 0.0572

[Client 47] Local training complete. Avg Loss: 0.0574
[Client 48] Submitting public recipe weights for Swarm 0...
[Client 48] Waiting for consensus on swarm 0...
[Client 47] Submitting public recipe weights for Swarm 0...
[Client 47] Waiting for consensus on swarm 0...

[Client 50] Local training complete. Avg Loss: 0.0556
[Client 50] Submitting public recipe weights for Swarm 0...
[Client 50] Waiting for consensus on swarm 0...

[Client 49] Local training complete. Avg Loss: 0.0571

[Client 45] Local training complete. Avg Loss: 0.0556
[Client 49] Submitting public recipe weights for Swarm 0...
[Client 49] Waiting for consensus on swarm 0...
[Client 45] Submitting public recipe weights for Swarm 0...
[Client 45] Waiting for consensus on swarm 0...

[Client 44] Local training complete. Avg Loss: 0.0558

[Client 40] Local training complete. Avg Loss: 0.0565

[Client 46] Local training complete. Avg Loss: 0.0572
[Client 44] Submitting public recipe weights for Swarm 0...
[Client 44] Waiting for consensus on swarm 0...
[Client 46] Submitting public recipe weights for Swarm 0...
[Client 46] Waiting for consensus on swarm 0...

[Client 43] Local training complete. Avg Loss: 0.0550
[Client 40] Submitting public recipe weights for Swarm 0...
[Client 40] Waiting for consensus on swarm 0...

[Client 38] Local training complete. Avg Loss: 0.0543
[Client 43] Submitting public recipe weights for Swarm 0...
[Client 43] Waiting for consensus on swarm 0...
[Client 38] Submitting public recipe weights for Swarm 0...
[Client 38] Waiting for consensus on swarm 0...

[Client 42] Local training complete. Avg Loss: 0.0562

[Client 41] Local training complete. Avg Loss: 0.0571
[Client 42] Submitting public recipe weights for Swarm 0...
[Client 42] Waiting for consensus on swarm 0...

[Client 39] Local training complete. Avg Loss: 0.0572
[Client 41] Submitting public recipe weights for Swarm 0...
[Client 41] Waiting for consensus on swarm 0...
[Client 39] Submitting public recipe weights for Swarm 0...
[Client 39] Waiting for consensus on swarm 0...

[Client 34] Local training complete. Avg Loss: 0.0568
[Client 34] Submitting public recipe weights for Swarm 0...
[Client 34] Waiting for consensus on swarm 0...

[Client 36] Local training complete. Avg Loss: 0.0569

[Client 33] Local training complete. Avg Loss: 0.0563

[Client 37] Local training complete. Avg Loss: 0.0571
[Client 33] Submitting public recipe weights for Swarm 0...
[Client 36] Submitting public recipe weights for Swarm 0...
[Client 33] Waiting for consensus on swarm 0...
[Client 36] Waiting for consensus on swarm 0...
[Client 37] Submitting public recipe weights for Swarm 0...
[Client 37] Waiting for consensus on swarm 0...

[Client 31] Local training complete. Avg Loss: 0.0561

[Client 32] Local training complete. Avg Loss: 0.0554

[Client 29] Local training complete. Avg Loss: 0.0561

[Client 35] Local training complete. Avg Loss: 0.0565
[Client 32] Submitting public recipe weights for Swarm 0...
[Client 29] Submitting public recipe weights for Swarm 0...
[Client 29] Waiting for consensus on swarm 0...
[Client 32] Waiting for consensus on swarm 0...
[Client 31] Submitting public recipe weights for Swarm 0...
[Client 31] Waiting for consensus on swarm 0...
[Client 35] Submitting public recipe weights for Swarm 0...
[Client 35] Waiting for consensus on swarm 0...

[Client 30] Local training complete. Avg Loss: 0.0569
[Client 30] Submitting public recipe weights for Swarm 0...
[Client 30] Waiting for consensus on swarm 0...

[Client 28] Local training complete. Avg Loss: 0.0566

[Client 27] Local training complete. Avg Loss: 0.0563
[Client 28] Submitting public recipe weights for Swarm 0...
[Client 28] Waiting for consensus on swarm 0...

[Client 26] Local training complete. Avg Loss: 0.0568
[Client 27] Submitting public recipe weights for Swarm 0...
[Client 27] Waiting for consensus on swarm 0...

[Client 25] Local training complete. Avg Loss: 0.0562

[Client 22] Local training complete. Avg Loss: 0.0552
[Client 26] Submitting public recipe weights for Swarm 0...
[Client 26] Waiting for consensus on swarm 0...
[Client 25] Submitting public recipe weights for Swarm 0...
[Client 25] Waiting for consensus on swarm 0...

[Client 24] Local training complete. Avg Loss: 0.0558
[Client 22] Submitting public recipe weights for Swarm 0...
[Client 22] Waiting for consensus on swarm 0...

[Client 23] Local training complete. Avg Loss: 0.0566
[Client 24] Submitting public recipe weights for Swarm 0...
[Client 24] Waiting for consensus on swarm 0...

[Client 21] Local training complete. Avg Loss: 0.0558
[Client 23] Submitting public recipe weights for Swarm 0...
[Client 23] Waiting for consensus on swarm 0...
[Client 21] Submitting public recipe weights for Swarm 0...
[Client 21] Waiting for consensus on swarm 0...

[Client 18] Local training complete. Avg Loss: 0.0563
[Client 18] Submitting public recipe weights for Swarm 0...
[Client 18] Waiting for consensus on swarm 0...

[Client 19] Local training complete. Avg Loss: 0.0553

[Client 20] Local training complete. Avg Loss: 0.0564
[Client 19] Submitting public recipe weights for Swarm 0...
[Client 19] Waiting for consensus on swarm 0...
[Client 20] Submitting public recipe weights for Swarm 0...
[Client 20] Waiting for consensus on swarm 0...

[Client 17] Local training complete. Avg Loss: 0.0551
[Client 17] Submitting public recipe weights for Swarm 0...
[Client 17] Waiting for consensus on swarm 0...

[Client 16] Local training complete. Avg Loss: 0.0563

[Client 15] Local training complete. Avg Loss: 0.0566
[Client 16] Submitting public recipe weights for Swarm 0...
[Client 16] Waiting for consensus on swarm 0...
[Client 15] Submitting public recipe weights for Swarm 0...
[Client 15] Waiting for consensus on swarm 0...

[Client 14] Local training complete. Avg Loss: 0.0542
[Client 14] Submitting public recipe weights for Swarm 0...
[Client 14] Waiting for consensus on swarm 0...

[Client 12] Local training complete. Avg Loss: 0.0559

[Client 13] Local training complete. Avg Loss: 0.0563
[Client 12] Submitting public recipe weights for Swarm 0...
[Client 12] Waiting for consensus on swarm 0...
[Client 13] Submitting public recipe weights for Swarm 0...
[Client 13] Waiting for consensus on swarm 0...

[Client 10] Local training complete. Avg Loss: 0.0564
[Client 10] Submitting public recipe weights for Swarm 0...
[Client 10] Waiting for consensus on swarm 0...

[Client 11] Local training complete. Avg Loss: 0.0559
[Client 11] Submitting public recipe weights for Swarm 0...
[Client 11] Waiting for consensus on swarm 0...

[Client 8] Local training complete. Avg Loss: 0.0560

[Client 9] Local training complete. Avg Loss: 0.0562
[Client 8] Submitting public recipe weights for Swarm 0...
[Client 9] Submitting public recipe weights for Swarm 0...
[Client 9] Waiting for consensus on swarm 0...
[Client 8] Waiting for consensus on swarm 0...

[Client 6] Local training complete. Avg Loss: 0.0563

[Client 7] Local training complete. Avg Loss: 0.0549
[Client 6] Submitting public recipe weights for Swarm 0...
[Client 6] Waiting for consensus on swarm 0...
[Client 7] Submitting public recipe weights for Swarm 0...
[Client 7] Waiting for consensus on swarm 0...

[Client 5] Local training complete. Avg Loss: 0.0563
[Client 5] Submitting public recipe weights for Swarm 0...
[Client 5] Waiting for consensus on swarm 0...

[Client 4] Local training complete. Avg Loss: 0.0554
[Client 4] Submitting public recipe weights for Swarm 0...
[Client 4] Waiting for consensus on swarm 0...

[Client 3] Local training complete. Avg Loss: 0.0559
[Client 3] Submitting public recipe weights for Swarm 0...
[Client 3] Waiting for consensus on swarm 0...

[Client 2] Local training complete. Avg Loss: 0.0560
[Client 2] Submitting public recipe weights for Swarm 0...
[Client 2] Waiting for consensus on swarm 0...

[Client 1] Local training complete. Avg Loss: 0.0570
[Client 1] Submitting public recipe weights for Swarm 0...
[Client 1] Waiting for consensus on swarm 0...
[Client 47] ELECTED LEADER ✅ for Swarm 0! Aggregating weights...
[Client 47] Submitting aggregated global model for Swarm 0...
[Client 28] Global model at Epoch 1 found. Downloading...
   [Client 28] Evaluated Epoch 1 and saved metrics to pod.
   [Client 47] Evaluated Epoch 1 and saved metrics to pod.
[Client 28] Local training... Privacy Flag is INCLUDING vulnerable data.[Client 47] Local training... Privacy Flag is INCLUDING vulnerable data.

[Client 20] Global model at Epoch 1 found. Downloading...
[Client 40] Global model at Epoch 1 found. Downloading...
[Client 2] Global model at Epoch 1 found. Downloading...
   [Client 40] Evaluated Epoch 1 and saved metrics to pod.
[Client 40] Local training... Privacy Flag is INCLUDING vulnerable data.
   [Client 20] Evaluated Epoch 1 and saved metrics to pod.
[Client 20] Local training... Privacy Flag is INCLUDING vulnerable data.
   [Client 2] Evaluated Epoch 1 and saved metrics to pod.
[Client 2] Local training... Privacy Flag is INCLUDING vulnerable data.
[Client 24] Global model at Epoch 1 found. Downloading...
[Client 19] Global model at Epoch 1 found. Downloading...
[Client 10] Global model at Epoch 1 found. Downloading...
[Client 45] Global model at Epoch 1 found. Downloading...
[Client 9] Global model at Epoch 1 found. Downloading...
[Client 49] Global model at Epoch 1 found. Downloading...
[Client 33] Global model at Epoch 1 found. Downloading...
   [Client 24] Evaluated Epoch 1 and saved metrics to pod.
[Client 24] Local training... Privacy Flag is INCLUDING vulnerable data.
   [Client 45] Evaluated Epoch 1 and saved metrics to pod.
[Client 45] Local training... Privacy Flag is INCLUDING vulnerable data.
   [Client 19] Evaluated Epoch 1 and saved metrics to pod.
   [Client 10] Evaluated Epoch 1 and saved metrics to pod.
[Client 19] Local training... Privacy Flag is INCLUDING vulnerable data.
[Client 10] Local training... Privacy Flag is INCLUDING vulnerable data.
   [Client 9] Evaluated Epoch 1 and saved metrics to pod.
[Client 9] Local training... Privacy Flag is INCLUDING vulnerable data.
   [Client 33] Evaluated Epoch 1 and saved metrics to pod.
[Client 33] Local training... Privacy Flag is INCLUDING vulnerable data.
   [Client 49] Evaluated Epoch 1 and saved metrics to pod.
[Client 4] Global model at Epoch 1 found. Downloading...
[Client 22] Global model at Epoch 1 found. Downloading...
[Client 18] Global model at Epoch 1 found. Downloading...
[Client 5] Global model at Epoch 1 found. Downloading...[Client 3] Global model at Epoch 1 found. Downloading...

[Client 30] Global model at Epoch 1 found. Downloading...
[Client 37] Global model at Epoch 1 found. Downloading...
[Client 42] Global model at Epoch 1 found. Downloading...
[Client 43] Global model at Epoch 1 found. Downloading...[Client 15] Global model at Epoch 1 found. Downloading...
[Client 32] Global model at Epoch 1 found. Downloading...[Client 36] Global model at Epoch 1 found. Downloading...

[Client 21] Global model at Epoch 1 found. Downloading...
[Client 27] Global model at Epoch 1 found. Downloading...
[Client 50] Global model at Epoch 1 found. Downloading...
[Client 6] Global model at Epoch 1 found. Downloading...
[Client 48] Global model at Epoch 1 found. Downloading...[Client 16] Global model at Epoch 1 found. Downloading...

[Client 38] Global model at Epoch 1 found. Downloading...
[Client 39] Global model at Epoch 1 found. Downloading...[Client 1] Global model at Epoch 1 found. Downloading...[Client 35] Global model at Epoch 1 found. Downloading...

[Client 8] Global model at Epoch 1 found. Downloading...
[Client 7] Global model at Epoch 1 found. Downloading...[Client 31] Global model at Epoch 1 found. Downloading...[Client 13] Global model at Epoch 1 found. Downloading...[Client 34] Global model at Epoch 1 found. Downloading...[Client 23] Global model at Epoch 1 found. Downloading...[Client 29] Global model at Epoch 1 found. Downloading...[Client 44] Global model at Epoch 1 found. Downloading...

[Client 49] Local training... Privacy Flag is INCLUDING vulnerable data.[Client 25] Global model at Epoch 1 found. Downloading...[Client 46] Global model at Epoch 1 found. Downloading...


[Client 41] Global model at Epoch 1 found. Downloading...
[Client 14] Global model at Epoch 1 found. Downloading...
[Client 12] Global model at Epoch 1 found. Downloading...
[Client 17] Global model at Epoch 1 found. Downloading...[Client 26] Global model at Epoch 1 found. Downloading...[Client 11] Global model at Epoch 1 found. Downloading...









   [Client 29] Evaluated Epoch 1 and saved metrics to pod.
   [Client 42] Evaluated Epoch 1 and saved metrics to pod.
   [Client 1] Evaluated Epoch 1 and saved metrics to pod.
   [Client 32] Evaluated Epoch 1 and saved metrics to pod.
[Client 42] Local training... Privacy Flag is INCLUDING vulnerable data.
[Client 1] Local training... Privacy Flag is INCLUDING vulnerable data.
[Client 29] Local training... Privacy Flag is INCLUDING vulnerable data.
[Client 32] Local training... Privacy Flag is INCLUDING vulnerable data.
   [Client 37] Evaluated Epoch 1 and saved metrics to pod.
[Client 37] Local training... Privacy Flag is INCLUDING vulnerable data.
   [Client 34] Evaluated Epoch 1 and saved metrics to pod.
   [Client 30] Evaluated Epoch 1 and saved metrics to pod.
   [Client 14] Evaluated Epoch 1 and saved metrics to pod.
[Client 34] Local training... Privacy Flag is INCLUDING vulnerable data.
   [Client 36] Evaluated Epoch 1 and saved metrics to pod.
[Client 30] Local training... Privacy Flag is INCLUDING vulnerable data.
   [Client 23] Evaluated Epoch 1 and saved metrics to pod.
   [Client 35] Evaluated Epoch 1 and saved metrics to pod.
[Client 23] Local training... Privacy Flag is INCLUDING vulnerable data.
[Client 36] Local training... Privacy Flag is INCLUDING vulnerable data.
[Client 35] Local training... Privacy Flag is INCLUDING vulnerable data.
[Client 14] Local training... Privacy Flag is INCLUDING vulnerable data.
   [Client 8] Evaluated Epoch 1 and saved metrics to pod.
   [Client 39] Evaluated Epoch 1 and saved metrics to pod.
   [Client 22] Evaluated Epoch 1 and saved metrics to pod.
   [Client 18] Evaluated Epoch 1 and saved metrics to pod.
[Client 22] Local training... Privacy Flag is INCLUDING vulnerable data.
[Client 39] Local training... Privacy Flag is INCLUDING vulnerable data.
[Client 18] Local training... Privacy Flag is INCLUDING vulnerable data.
[Client 8] Local training... Privacy Flag is INCLUDING vulnerable data.   [Client 3] Evaluated Epoch 1 and saved metrics to pod.

   [Client 7] Evaluated Epoch 1 and saved metrics to pod.
   [Client 44] Evaluated Epoch 1 and saved metrics to pod.[Client 3] Local training... Privacy Flag is INCLUDING vulnerable data.

   [Client 41] Evaluated Epoch 1 and saved metrics to pod.
[Client 7] Local training... Privacy Flag is INCLUDING vulnerable data.
[Client 44] Local training... Privacy Flag is INCLUDING vulnerable data.
   [Client 25] Evaluated Epoch 1 and saved metrics to pod.
   [Client 27] Evaluated Epoch 1 and saved metrics to pod.
[Client 41] Local training... Privacy Flag is INCLUDING vulnerable data.
   [Client 46] Evaluated Epoch 1 and saved metrics to pod.
   [Client 15] Evaluated Epoch 1 and saved metrics to pod.   [Client 48] Evaluated Epoch 1 and saved metrics to pod.

   [Client 17] Evaluated Epoch 1 and saved metrics to pod.
   [Client 43] Evaluated Epoch 1 and saved metrics to pod.
[Client 46] Local training... Privacy Flag is INCLUDING vulnerable data.
[Client 48] Local training... Privacy Flag is INCLUDING vulnerable data.
[Client 25] Local training... Privacy Flag is INCLUDING vulnerable data.
   [Client 5] Evaluated Epoch 1 and saved metrics to pod.
[Client 27] Local training... Privacy Flag is INCLUDING vulnerable data.
[Client 15] Local training... Privacy Flag is INCLUDING vulnerable data.
[Client 17] Local training... Privacy Flag is INCLUDING vulnerable data.
   [Client 4] Evaluated Epoch 1 and saved metrics to pod.
[Client 5] Local training... Privacy Flag is INCLUDING vulnerable data.   [Client 11] Evaluated Epoch 1 and saved metrics to pod.
[Client 43] Local training... Privacy Flag is INCLUDING vulnerable data.

   [Client 31] Evaluated Epoch 1 and saved metrics to pod.
   [Client 26] Evaluated Epoch 1 and saved metrics to pod.
   [Client 16] Evaluated Epoch 1 and saved metrics to pod.
[Client 4] Local training... Privacy Flag is INCLUDING vulnerable data.
   [Client 12] Evaluated Epoch 1 and saved metrics to pod.
[Client 11] Local training... Privacy Flag is INCLUDING vulnerable data.
   [Client 38] Evaluated Epoch 1 and saved metrics to pod.[Client 16] Local training... Privacy Flag is INCLUDING vulnerable data.

[Client 31] Local training... Privacy Flag is INCLUDING vulnerable data.
[Client 26] Local training... Privacy Flag is INCLUDING vulnerable data.
   [Client 6] Evaluated Epoch 1 and saved metrics to pod.
   [Client 50] Evaluated Epoch 1 and saved metrics to pod.
   [Client 13] Evaluated Epoch 1 and saved metrics to pod.
[Client 12] Local training... Privacy Flag is INCLUDING vulnerable data.
[Client 38] Local training... Privacy Flag is INCLUDING vulnerable data.
   [Client 21] Evaluated Epoch 1 and saved metrics to pod.
[Client 6] Local training... Privacy Flag is INCLUDING vulnerable data.
[Client 50] Local training... Privacy Flag is INCLUDING vulnerable data.
[Client 13] Local training... Privacy Flag is INCLUDING vulnerable data.
[Client 21] Local training... Privacy Flag is INCLUDING vulnerable data.

[Client 47] Local training complete. Avg Loss: 0.0562

[Client 50] Local training complete. Avg Loss: 0.0537
[Client 47] Submitting public recipe weights for Swarm 0...
[Client 47] Waiting for consensus on swarm 0...
[Client 50] Submitting public recipe weights for Swarm 0...
[Client 50] Waiting for consensus on swarm 0...

[Client 48] Local training complete. Avg Loss: 0.0559

[Client 45] Local training complete. Avg Loss: 0.0542
[Client 48] Submitting public recipe weights for Swarm 0...
[Client 45] Submitting public recipe weights for Swarm 0...
[Client 45] Waiting for consensus on swarm 0...
[Client 48] Waiting for consensus on swarm 0...

[Client 44] Local training complete. Avg Loss: 0.0542

[Client 49] Local training complete. Avg Loss: 0.0556

[Client 40] Local training complete. Avg Loss: 0.0554
[Client 44] Submitting public recipe weights for Swarm 0...
[Client 44] Waiting for consensus on swarm 0...
[Client 49] Submitting public recipe weights for Swarm 0...

[Client 42] Local training complete. Avg Loss: 0.0549

[Client 46] Local training complete. Avg Loss: 0.0558
[Client 49] Waiting for consensus on swarm 0...

[Client 41] Local training complete. Avg Loss: 0.0559
[Client 40] Submitting public recipe weights for Swarm 0...
[Client 40] Waiting for consensus on swarm 0...
[Client 46] Submitting public recipe weights for Swarm 0...
[Client 46] Waiting for consensus on swarm 0...
[Client 42] Submitting public recipe weights for Swarm 0...
[Client 42] Waiting for consensus on swarm 0...

[Client 43] Local training complete. Avg Loss: 0.0539
[Client 41] Submitting public recipe weights for Swarm 0...
[Client 41] Waiting for consensus on swarm 0...

[Client 39] Local training complete. Avg Loss: 0.0561

[Client 38] Local training complete. Avg Loss: 0.0527
[Client 43] Submitting public recipe weights for Swarm 0...
[Client 43] Waiting for consensus on swarm 0...
[Client 39] Submitting public recipe weights for Swarm 0...
[Client 39] Waiting for consensus on swarm 0...
[Client 38] Submitting public recipe weights for Swarm 0...
[Client 38] Waiting for consensus on swarm 0...

[Client 35] Local training complete. Avg Loss: 0.0552

[Client 32] Local training complete. Avg Loss: 0.0544
[Client 35] Submitting public recipe weights for Swarm 0...
[Client 35] Waiting for consensus on swarm 0...

[Client 36] Local training complete. Avg Loss: 0.0557
[Client 32] Submitting public recipe weights for Swarm 0...
[Client 32] Waiting for consensus on swarm 0...

[Client 34] Local training complete. Avg Loss: 0.0559

[Client 37] Local training complete. Avg Loss: 0.0561
[Client 36] Submitting public recipe weights for Swarm 0...
[Client 36] Waiting for consensus on swarm 0...
[Client 34] Submitting public recipe weights for Swarm 0...
[Client 34] Waiting for consensus on swarm 0...
[Client 37] Submitting public recipe weights for Swarm 0...
[Client 37] Waiting for consensus on swarm 0...

[Client 29] Local training complete. Avg Loss: 0.0550
[Client 29] Submitting public recipe weights for Swarm 0...
[Client 29] Waiting for consensus on swarm 0...

[Client 30] Local training complete. Avg Loss: 0.0560

[Client 33] Local training complete. Avg Loss: 0.0551
[Client 33] Submitting public recipe weights for Swarm 0...

[Client 28] Local training complete. Avg Loss: 0.0558[Client 30] Submitting public recipe weights for Swarm 0...

[Client 33] Waiting for consensus on swarm 0...
[Client 30] Waiting for consensus on swarm 0...
[Client 28] Submitting public recipe weights for Swarm 0...
[Client 28] Waiting for consensus on swarm 0...

[Client 31] Local training complete. Avg Loss: 0.0552

[Client 27] Local training complete. Avg Loss: 0.0556
[Client 31] Submitting public recipe weights for Swarm 0...
[Client 31] Waiting for consensus on swarm 0...
[Client 27] Submitting public recipe weights for Swarm 0...
[Client 27] Waiting for consensus on swarm 0...

[Client 26] Local training complete. Avg Loss: 0.0560
[Client 26] Submitting public recipe weights for Swarm 0...
[Client 26] Waiting for consensus on swarm 0...

[Client 19] Local training complete. Avg Loss: 0.0545
[Client 19] Submitting public recipe weights for Swarm 0...
[Client 19] Waiting for consensus on swarm 0...

[Client 25] Local training complete. Avg Loss: 0.0554

[Client 24] Local training complete. Avg Loss: 0.0550

[Client 20] Local training complete. Avg Loss: 0.0556
[Client 25] Submitting public recipe weights for Swarm 0...
[Client 25] Waiting for consensus on swarm 0...

[Client 22] Local training complete. Avg Loss: 0.0545
[Client 24] Submitting public recipe weights for Swarm 0...
[Client 24] Waiting for consensus on swarm 0...

[Client 23] Local training complete. Avg Loss: 0.0558
[Client 22] Submitting public recipe weights for Swarm 0...
[Client 22] Waiting for consensus on swarm 0...
[Client 20] Submitting public recipe weights for Swarm 0...
[Client 20] Waiting for consensus on swarm 0...
[Client 23] Submitting public recipe weights for Swarm 0...
[Client 23] Waiting for consensus on swarm 0...

[Client 18] Local training complete. Avg Loss: 0.0556
[Client 18] Submitting public recipe weights for Swarm 0...
[Client 18] Waiting for consensus on swarm 0...

[Client 16] Local training complete. Avg Loss: 0.0557
[Client 16] Submitting public recipe weights for Swarm 0...
[Client 16] Waiting for consensus on swarm 0...

[Client 21] Local training complete. Avg Loss: 0.0550
[Client 21] Submitting public recipe weights for Swarm 0...
[Client 21] Waiting for consensus on swarm 0...

[Client 17] Local training complete. Avg Loss: 0.0542
[Client 17] Submitting public recipe weights for Swarm 0...
[Client 17] Waiting for consensus on swarm 0...

[Client 15] Local training complete. Avg Loss: 0.0560
[Client 15] Submitting public recipe weights for Swarm 0...
[Client 15] Waiting for consensus on swarm 0...

[Client 13] Local training complete. Avg Loss: 0.0560

[Client 14] Local training complete. Avg Loss: 0.0533
[Client 14] Submitting public recipe weights for Swarm 0...
[Client 13] Submitting public recipe weights for Swarm 0...
[Client 14] Waiting for consensus on swarm 0...
[Client 13] Waiting for consensus on swarm 0...

[Client 12] Local training complete. Avg Loss: 0.0554
[Client 12] Submitting public recipe weights for Swarm 0...
[Client 12] Waiting for consensus on swarm 0...

[Client 9] Local training complete. Avg Loss: 0.0558

[Client 11] Local training complete. Avg Loss: 0.0554

[Client 10] Local training complete. Avg Loss: 0.0560
[Client 11] Submitting public recipe weights for Swarm 0...
[Client 9] Submitting public recipe weights for Swarm 0...
[Client 10] Submitting public recipe weights for Swarm 0...[Client 11] Waiting for consensus on swarm 0...

[Client 9] Waiting for consensus on swarm 0...
[Client 10] Waiting for consensus on swarm 0...

[Client 8] Local training complete. Avg Loss: 0.0556
[Client 8] Submitting public recipe weights for Swarm 0...
[Client 8] Waiting for consensus on swarm 0...

[Client 7] Local training complete. Avg Loss: 0.0547
[Client 7] Submitting public recipe weights for Swarm 0...
[Client 7] Waiting for consensus on swarm 0...

[Client 6] Local training complete. Avg Loss: 0.0561
[Client 6] Submitting public recipe weights for Swarm 0...
[Client 6] Waiting for consensus on swarm 0...

[Client 5] Local training complete. Avg Loss: 0.0560

[Client 4] Local training complete. Avg Loss: 0.0553
[Client 5] Submitting public recipe weights for Swarm 0...
[Client 5] Waiting for consensus on swarm 0...
[Client 4] Submitting public recipe weights for Swarm 0...
[Client 4] Waiting for consensus on swarm 0...

[Client 3] Local training complete. Avg Loss: 0.0555
[Client 3] Submitting public recipe weights for Swarm 0...
[Client 3] Waiting for consensus on swarm 0...

[Client 2] Local training complete. Avg Loss: 0.0558
[Client 2] Submitting public recipe weights for Swarm 0...
[Client 2] Waiting for consensus on swarm 0...

[Client 1] Local training complete. Avg Loss: 0.0565
[Client 1] Submitting public recipe weights for Swarm 0...
[Client 1] Waiting for consensus on swarm 0...
[Client 45] ELECTED LEADER ✅ for Swarm 0! Aggregating weights...
[Client 45] Submitting aggregated global model for Swarm 0...
[Client 17] Global model at Epoch 2 found. Downloading...
[Client 47] Global model at Epoch 2 found. Downloading...
[Client 23] Global model at Epoch 2 found. Downloading...[Client 9] Global model at Epoch 2 found. Downloading...

[Client 40] Global model at Epoch 2 found. Downloading...
[Client 14] Global model at Epoch 2 found. Downloading...
   [Client 45] Evaluated Epoch 2 and saved metrics to pod.
[Client 15] Global model at Epoch 2 found. Downloading...
[Client 45] Local training... Privacy Flag is INCLUDING vulnerable data.
[Client 28] Global model at Epoch 2 found. Downloading...
[Client 29] Global model at Epoch 2 found. Downloading...
[Client 16] Global model at Epoch 2 found. Downloading...
[Client 49] Global model at Epoch 2 found. Downloading...
[Client 19] Global model at Epoch 2 found. Downloading...
[Client 39] Global model at Epoch 2 found. Downloading...
[Client 31] Global model at Epoch 2 found. Downloading...
[Client 27] Global model at Epoch 2 found. Downloading...
[Client 43] Global model at Epoch 2 found. Downloading...
[Client 24] Global model at Epoch 2 found. Downloading...
[Client 32] Global model at Epoch 2 found. Downloading...
   [Client 14] Evaluated Epoch 2 and saved metrics to pod.
[Client 14] Local training... Privacy Flag is INCLUDING vulnerable data.
   [Client 17] Evaluated Epoch 2 and saved metrics to pod.
[Client 17] Local training... Privacy Flag is INCLUDING vulnerable data.
   [Client 28] Evaluated Epoch 2 and saved metrics to pod.
   [Client 47] Evaluated Epoch 2 and saved metrics to pod.
   [Client 29] Evaluated Epoch 2 and saved metrics to pod.   [Client 19] Evaluated Epoch 2 and saved metrics to pod.

   [Client 49] Evaluated Epoch 2 and saved metrics to pod.
   [Client 27] Evaluated Epoch 2 and saved metrics to pod.
[Client 47] Local training... Privacy Flag is INCLUDING vulnerable data.
   [Client 16] Evaluated Epoch 2 and saved metrics to pod.
[Client 49] Local training... Privacy Flag is INCLUDING vulnerable data.[Client 29] Local training... Privacy Flag is INCLUDING vulnerable data.

   [Client 39] Evaluated Epoch 2 and saved metrics to pod.
[Client 27] Local training... Privacy Flag is INCLUDING vulnerable data.
[Client 28] Local training... Privacy Flag is INCLUDING vulnerable data.[Client 19] Local training... Privacy Flag is INCLUDING vulnerable data.   [Client 43] Evaluated Epoch 2 and saved metrics to pod.


[Client 16] Local training... Privacy Flag is INCLUDING vulnerable data.
[Client 39] Local training... Privacy Flag is INCLUDING vulnerable data.
   [Client 31] Evaluated Epoch 2 and saved metrics to pod.
   [Client 40] Evaluated Epoch 2 and saved metrics to pod.   [Client 23] Evaluated Epoch 2 and saved metrics to pod.

[Client 43] Local training... Privacy Flag is INCLUDING vulnerable data.
   [Client 15] Evaluated Epoch 2 and saved metrics to pod.
[Client 23] Local training... Privacy Flag is INCLUDING vulnerable data.
   [Client 9] Evaluated Epoch 2 and saved metrics to pod.
[Client 31] Local training... Privacy Flag is INCLUDING vulnerable data.
[Client 40] Local training... Privacy Flag is INCLUDING vulnerable data.
[Client 15] Local training... Privacy Flag is INCLUDING vulnerable data.
[Client 9] Local training... Privacy Flag is INCLUDING vulnerable data.
   [Client 24] Evaluated Epoch 2 and saved metrics to pod.
   [Client 32] Evaluated Epoch 2 and saved metrics to pod.
[Client 24] Local training... Privacy Flag is INCLUDING vulnerable data.[Client 32] Local training... Privacy Flag is INCLUDING vulnerable data.

[Client 18] Global model at Epoch 2 found. Downloading...
[Client 25] Global model at Epoch 2 found. Downloading...
[Client 42] Global model at Epoch 2 found. Downloading...
[Client 12] Global model at Epoch 2 found. Downloading...
[Client 46] Global model at Epoch 2 found. Downloading...
[Client 37] Global model at Epoch 2 found. Downloading...
[Client 6] Global model at Epoch 2 found. Downloading...
[Client 3] Global model at Epoch 2 found. Downloading...
[Client 44] Global model at Epoch 2 found. Downloading...
   [Client 18] Evaluated Epoch 2 and saved metrics to pod.
[Client 18] Local training... Privacy Flag is INCLUDING vulnerable data.
   [Client 44] Evaluated Epoch 2 and saved metrics to pod.
   [Client 42] Evaluated Epoch 2 and saved metrics to pod.
[Client 44] Local training... Privacy Flag is INCLUDING vulnerable data.
[Client 42] Local training... Privacy Flag is INCLUDING vulnerable data.
   [Client 46] Evaluated Epoch 2 and saved metrics to pod.
[Client 46] Local training... Privacy Flag is INCLUDING vulnerable data.
   [Client 25] Evaluated Epoch 2 and saved metrics to pod.
[Client 25] Local training... Privacy Flag is INCLUDING vulnerable data.
   [Client 12] Evaluated Epoch 2 and saved metrics to pod.
[Client 12] Local training... Privacy Flag is INCLUDING vulnerable data.
   [Client 37] Evaluated Epoch 2 and saved metrics to pod.
[Client 37] Local training... Privacy Flag is INCLUDING vulnerable data.
[Client 21] Global model at Epoch 2 found. Downloading...
[Client 1] Global model at Epoch 2 found. Downloading...[Client 22] Global model at Epoch 2 found. Downloading...[Client 33] Global model at Epoch 2 found. Downloading...


[Client 36] Global model at Epoch 2 found. Downloading...[Client 5] Global model at Epoch 2 found. Downloading...

[Client 2] Global model at Epoch 2 found. Downloading...
[Client 38] Global model at Epoch 2 found. Downloading...
[Client 13] Global model at Epoch 2 found. Downloading...
[Client 4] Global model at Epoch 2 found. Downloading...
[Client 30] Global model at Epoch 2 found. Downloading...
[Client 8] Global model at Epoch 2 found. Downloading...
[Client 26] Global model at Epoch 2 found. Downloading...[Client 11] Global model at Epoch 2 found. Downloading...

[Client 20] Global model at Epoch 2 found. Downloading...
[Client 35] Global model at Epoch 2 found. Downloading...
[Client 34] Global model at Epoch 2 found. Downloading...[Client 48] Global model at Epoch 2 found. Downloading...
[Client 50] Global model at Epoch 2 found. Downloading...

[Client 7] Global model at Epoch 2 found. Downloading...
[Client 41] Global model at Epoch 2 found. Downloading...
[Client 10] Global model at Epoch 2 found. Downloading...
   [Client 3] Evaluated Epoch 2 and saved metrics to pod.
   [Client 6] Evaluated Epoch 2 and saved metrics to pod.
[Client 3] Local training... Privacy Flag is INCLUDING vulnerable data.
[Client 6] Local training... Privacy Flag is INCLUDING vulnerable data.
   [Client 33] Evaluated Epoch 2 and saved metrics to pod.
[Client 33] Local training... Privacy Flag is INCLUDING vulnerable data.
   [Client 34] Evaluated Epoch 2 and saved metrics to pod.
[Client 34] Local training... Privacy Flag is INCLUDING vulnerable data.
   [Client 11] Evaluated Epoch 2 and saved metrics to pod.
   [Client 8] Evaluated Epoch 2 and saved metrics to pod.
[Client 11] Local training... Privacy Flag is INCLUDING vulnerable data.
[Client 8] Local training... Privacy Flag is INCLUDING vulnerable data.
   [Client 35] Evaluated Epoch 2 and saved metrics to pod.
   [Client 21] Evaluated Epoch 2 and saved metrics to pod.
[Client 35] Local training... Privacy Flag is INCLUDING vulnerable data.
[Client 21] Local training... Privacy Flag is INCLUDING vulnerable data.
   [Client 30] Evaluated Epoch 2 and saved metrics to pod.
   [Client 5] Evaluated Epoch 2 and saved metrics to pod.
[Client 30] Local training... Privacy Flag is INCLUDING vulnerable data.
   [Client 26] Evaluated Epoch 2 and saved metrics to pod.
   [Client 13] Evaluated Epoch 2 and saved metrics to pod.
[Client 5] Local training... Privacy Flag is INCLUDING vulnerable data.
[Client 26] Local training... Privacy Flag is INCLUDING vulnerable data.
[Client 13] Local training... Privacy Flag is INCLUDING vulnerable data.
   [Client 2] Evaluated Epoch 2 and saved metrics to pod.
   [Client 22] Evaluated Epoch 2 and saved metrics to pod.
[Client 2] Local training... Privacy Flag is INCLUDING vulnerable data.
[Client 22] Local training... Privacy Flag is INCLUDING vulnerable data.
   [Client 36] Evaluated Epoch 2 and saved metrics to pod.
   [Client 41] Evaluated Epoch 2 and saved metrics to pod.
   [Client 7] Evaluated Epoch 2 and saved metrics to pod.
[Client 36] Local training... Privacy Flag is INCLUDING vulnerable data.
[Client 41] Local training... Privacy Flag is INCLUDING vulnerable data.
[Client 7] Local training... Privacy Flag is INCLUDING vulnerable data.
   [Client 4] Evaluated Epoch 2 and saved metrics to pod.
[Client 4] Local training... Privacy Flag is INCLUDING vulnerable data.
   [Client 20] Evaluated Epoch 2 and saved metrics to pod.
   [Client 48] Evaluated Epoch 2 and saved metrics to pod.
[Client 20] Local training... Privacy Flag is INCLUDING vulnerable data.
[Client 48] Local training... Privacy Flag is INCLUDING vulnerable data.
   [Client 10] Evaluated Epoch 2 and saved metrics to pod.
[Client 10] Local training... Privacy Flag is INCLUDING vulnerable data.
   [Client 50] Evaluated Epoch 2 and saved metrics to pod.
   [Client 38] Evaluated Epoch 2 and saved metrics to pod.
[Client 50] Local training... Privacy Flag is INCLUDING vulnerable data.
[Client 38] Local training... Privacy Flag is INCLUDING vulnerable data.
   [Client 1] Evaluated Epoch 2 and saved metrics to pod.
[Client 1] Local training... Privacy Flag is INCLUDING vulnerable data.

[Client 50] Local training complete. Avg Loss: 0.0535
[Client 50] Submitting public recipe weights for Swarm 0...
[Client 50] Waiting for consensus on swarm 0...

[Client 45] Local training complete. Avg Loss: 0.0538
[Client 45] Submitting public recipe weights for Swarm 0...
[Client 45] Waiting for consensus on swarm 0...

[Client 48] Local training complete. Avg Loss: 0.0557
[Client 48] Submitting public recipe weights for Swarm 0...
[Client 48] Waiting for consensus on swarm 0...

[Client 47] Local training complete. Avg Loss: 0.0560
[Client 47] Submitting public recipe weights for Swarm 0...
[Client 47] Waiting for consensus on swarm 0...

[Client 44] Local training complete. Avg Loss: 0.0541

[Client 49] Local training complete. Avg Loss: 0.0555
[Client 44] Submitting public recipe weights for Swarm 0...
[Client 44] Waiting for consensus on swarm 0...

[Client 46] Local training complete. Avg Loss: 0.0557

[Client 40] Local training complete. Avg Loss: 0.0552
[Client 49] Submitting public recipe weights for Swarm 0...
[Client 49] Waiting for consensus on swarm 0...

[Client 43] Local training complete. Avg Loss: 0.0533

[Client 41] Local training complete. Avg Loss: 0.0557
[Client 40] Submitting public recipe weights for Swarm 0...
[Client 40] Waiting for consensus on swarm 0...
[Client 46] Submitting public recipe weights for Swarm 0...
[Client 46] Waiting for consensus on swarm 0...
[Client 43] Submitting public recipe weights for Swarm 0...
[Client 43] Waiting for consensus on swarm 0...
[Client 41] Submitting public recipe weights for Swarm 0...
[Client 41] Waiting for consensus on swarm 0...

[Client 39] Local training complete. Avg Loss: 0.0561
[Client 39] Submitting public recipe weights for Swarm 0...
[Client 39] Waiting for consensus on swarm 0...

[Client 42] Local training complete. Avg Loss: 0.0547

[Client 33] Local training complete. Avg Loss: 0.0552
[Client 33] Submitting public recipe weights for Swarm 0...
[Client 42] Submitting public recipe weights for Swarm 0...
[Client 33] Waiting for consensus on swarm 0...
[Client 42] Waiting for consensus on swarm 0...

[Client 36] Local training complete. Avg Loss: 0.0556

[Client 37] Local training complete. Avg Loss: 0.0564
[Client 37] Submitting public recipe weights for Swarm 0...
[Client 37] Waiting for consensus on swarm 0...

[Client 38] Local training complete. Avg Loss: 0.0525
[Client 36] Submitting public recipe weights for Swarm 0...
[Client 36] Waiting for consensus on swarm 0...

[Client 34] Local training complete. Avg Loss: 0.0559
[Client 38] Submitting public recipe weights for Swarm 0...
[Client 38] Waiting for consensus on swarm 0...
[Client 34] Submitting public recipe weights for Swarm 0...
[Client 34] Waiting for consensus on swarm 0...

[Client 31] Local training complete. Avg Loss: 0.0552

[Client 35] Local training complete. Avg Loss: 0.0551
[Client 31] Submitting public recipe weights for Swarm 0...
[Client 31] Waiting for consensus on swarm 0...
[Client 35] Submitting public recipe weights for Swarm 0...
[Client 35] Waiting for consensus on swarm 0...

[Client 32] Local training complete. Avg Loss: 0.0544
[Client 32] Submitting public recipe weights for Swarm 0...
[Client 32] Waiting for consensus on swarm 0...

[Client 30] Local training complete. Avg Loss: 0.0556

[Client 26] Local training complete. Avg Loss: 0.0560

[Client 25] Local training complete. Avg Loss: 0.0554
[Client 30] Submitting public recipe weights for Swarm 0...
[Client 30] Waiting for consensus on swarm 0...

[Client 29] Local training complete. Avg Loss: 0.0550

[Client 27] Local training complete. Avg Loss: 0.0555
[Client 25] Submitting public recipe weights for Swarm 0...
[Client 25] Waiting for consensus on swarm 0...
[Client 26] Submitting public recipe weights for Swarm 0...
[Client 26] Waiting for consensus on swarm 0...
[Client 29] Submitting public recipe weights for Swarm 0...
[Client 27] Submitting public recipe weights for Swarm 0...
[Client 29] Waiting for consensus on swarm 0...

[Client 28] Local training complete. Avg Loss: 0.0560
[Client 27] Waiting for consensus on swarm 0...
[Client 28] Submitting public recipe weights for Swarm 0...
[Client 28] Waiting for consensus on swarm 0...

[Client 24] Local training complete. Avg Loss: 0.0549

[Client 23] Local training complete. Avg Loss: 0.0558
[Client 24] Submitting public recipe weights for Swarm 0...
[Client 24] Waiting for consensus on swarm 0...
[Client 23] Submitting public recipe weights for Swarm 0...
[Client 23] Waiting for consensus on swarm 0...

[Client 22] Local training complete. Avg Loss: 0.0544
[Client 22] Submitting public recipe weights for Swarm 0...
[Client 22] Waiting for consensus on swarm 0...

[Client 20] Local training complete. Avg Loss: 0.0557

[Client 19] Local training complete. Avg Loss: 0.0545

[Client 16] Local training complete. Avg Loss: 0.0557
[Client 19] Submitting public recipe weights for Swarm 0...
[Client 20] Submitting public recipe weights for Swarm 0...
[Client 19] Waiting for consensus on swarm 0...
[Client 20] Waiting for consensus on swarm 0...

[Client 21] Local training complete. Avg Loss: 0.0550
[Client 16] Submitting public recipe weights for Swarm 0...
[Client 16] Waiting for consensus on swarm 0...
[Client 21] Submitting public recipe weights for Swarm 0...
[Client 21] Waiting for consensus on swarm 0...

[Client 18] Local training complete. Avg Loss: 0.0556

[Client 17] Local training complete. Avg Loss: 0.0542
[Client 18] Submitting public recipe weights for Swarm 0...
[Client 18] Waiting for consensus on swarm 0...
[Client 17] Submitting public recipe weights for Swarm 0...
[Client 17] Waiting for consensus on swarm 0...

[Client 15] Local training complete. Avg Loss: 0.0558
[Client 15] Submitting public recipe weights for Swarm 0...
[Client 15] Waiting for consensus on swarm 0...

[Client 13] Local training complete. Avg Loss: 0.0559
[Client 13] Submitting public recipe weights for Swarm 0...

[Client 14] Local training complete. Avg Loss: 0.0533
[Client 13] Waiting for consensus on swarm 0...

[Client 12] Local training complete. Avg Loss: 0.0555
[Client 14] Submitting public recipe weights for Swarm 0...
[Client 14] Waiting for consensus on swarm 0...
[Client 12] Submitting public recipe weights for Swarm 0...
[Client 12] Waiting for consensus on swarm 0...

[Client 10] Local training complete. Avg Loss: 0.0561
[Client 10] Submitting public recipe weights for Swarm 0...
[Client 10] Waiting for consensus on swarm 0...

[Client 11] Local training complete. Avg Loss: 0.0555
[Client 11] Submitting public recipe weights for Swarm 0...
[Client 11] Waiting for consensus on swarm 0...

[Client 6] Local training complete. Avg Loss: 0.0562

[Client 8] Local training complete. Avg Loss: 0.0557
[Client 8] Submitting public recipe weights for Swarm 0...
[Client 6] Submitting public recipe weights for Swarm 0...
[Client 8] Waiting for consensus on swarm 0...
[Client 6] Waiting for consensus on swarm 0...

[Client 9] Local training complete. Avg Loss: 0.0559
[Client 9] Submitting public recipe weights for Swarm 0...
[Client 9] Waiting for consensus on swarm 0...

[Client 7] Local training complete. Avg Loss: 0.0547
[Client 7] Submitting public recipe weights for Swarm 0...
[Client 7] Waiting for consensus on swarm 0...

[Client 5] Local training complete. Avg Loss: 0.0560
[Client 5] Submitting public recipe weights for Swarm 0...
[Client 5] Waiting for consensus on swarm 0...

[Client 4] Local training complete. Avg Loss: 0.0553
[Client 4] Submitting public recipe weights for Swarm 0...
[Client 4] Waiting for consensus on swarm 0...

[Client 3] Local training complete. Avg Loss: 0.0556
[Client 3] Submitting public recipe weights for Swarm 0...
[Client 3] Waiting for consensus on swarm 0...

[Client 2] Local training complete. Avg Loss: 0.0558
[Client 2] Submitting public recipe weights for Swarm 0...
[Client 2] Waiting for consensus on swarm 0...

[Client 1] Local training complete. Avg Loss: 0.0565
[Client 1] Submitting public recipe weights for Swarm 0...
[Client 1] Waiting for consensus on swarm 0...
[Client 47] ELECTED LEADER ✅ for Swarm 0! Aggregating weights...
[Client 47] Submitting aggregated global model for Swarm 0...
   [Client 47] Evaluated Epoch 3 and saved metrics to pod.
[Client 47] Local training... Privacy Flag is INCLUDING vulnerable data.
[Client 8] Global model at Epoch 3 found. Downloading...
[Client 44] Global model at Epoch 3 found. Downloading...
[Client 42] Global model at Epoch 3 found. Downloading...
[Client 48] Global model at Epoch 3 found. Downloading...
[Client 6] Global model at Epoch 3 found. Downloading...
[Client 20] Global model at Epoch 3 found. Downloading...
[Client 26] Global model at Epoch 3 found. Downloading...
[Client 19] Global model at Epoch 3 found. Downloading...
[Client 34] Global model at Epoch 3 found. Downloading...
[Client 31] Global model at Epoch 3 found. Downloading...
[Client 38] Global model at Epoch 3 found. Downloading...
[Client 21] Global model at Epoch 3 found. Downloading...
   [Client 44] Evaluated Epoch 3 and saved metrics to pod.
[Client 32] Global model at Epoch 3 found. Downloading...
   [Client 8] Evaluated Epoch 3 and saved metrics to pod.
[Client 44] Local training... Privacy Flag is INCLUDING vulnerable data.
[Client 33] Global model at Epoch 3 found. Downloading...
[Client 8] Local training... Privacy Flag is INCLUDING vulnerable data.
[Client 41] Global model at Epoch 3 found. Downloading...
[Client 46] Global model at Epoch 3 found. Downloading...
[Client 3] Global model at Epoch 3 found. Downloading...
   [Client 48] Evaluated Epoch 3 and saved metrics to pod.
[Client 12] Global model at Epoch 3 found. Downloading...
[Client 48] Local training... Privacy Flag is INCLUDING vulnerable data.
[Client 28] Global model at Epoch 3 found. Downloading...
   [Client 42] Evaluated Epoch 3 and saved metrics to pod.
[Client 10] Global model at Epoch 3 found. Downloading...
[Client 42] Local training... Privacy Flag is INCLUDING vulnerable data.
[Client 17] Global model at Epoch 3 found. Downloading...
[Client 11] Global model at Epoch 3 found. Downloading...
[Client 16] Global model at Epoch 3 found. Downloading...
[Client 45] Global model at Epoch 3 found. Downloading...
   [Client 6] Evaluated Epoch 3 and saved metrics to pod.
   [Client 34] Evaluated Epoch 3 and saved metrics to pod.
[Client 14] Global model at Epoch 3 found. Downloading...
[Client 6] Local training... Privacy Flag is INCLUDING vulnerable data.
[Client 34] Local training... Privacy Flag is INCLUDING vulnerable data.
[Client 35] Global model at Epoch 3 found. Downloading...
[Client 2] Global model at Epoch 3 found. Downloading...
   [Client 20] Evaluated Epoch 3 and saved metrics to pod.
[Client 36] Global model at Epoch 3 found. Downloading...
[Client 1] Global model at Epoch 3 found. Downloading...
   [Client 26] Evaluated Epoch 3 and saved metrics to pod.
[Client 20] Local training... Privacy Flag is INCLUDING vulnerable data.
[Client 26] Local training... Privacy Flag is INCLUDING vulnerable data.
   [Client 33] Evaluated Epoch 3 and saved metrics to pod.
   [Client 19] Evaluated Epoch 3 and saved metrics to pod.
[Client 33] Local training... Privacy Flag is INCLUDING vulnerable data.
[Client 19] Local training... Privacy Flag is INCLUDING vulnerable data.
   [Client 46] Evaluated Epoch 3 and saved metrics to pod.
   [Client 31] Evaluated Epoch 3 and saved metrics to pod.
[Client 46] Local training... Privacy Flag is INCLUDING vulnerable data.
[Client 31] Local training... Privacy Flag is INCLUDING vulnerable data.
   [Client 41] Evaluated Epoch 3 and saved metrics to pod.
   [Client 38] Evaluated Epoch 3 and saved metrics to pod.
[Client 41] Local training... Privacy Flag is INCLUDING vulnerable data.
[Client 4] Global model at Epoch 3 found. Downloading...
[Client 38] Local training... Privacy Flag is INCLUDING vulnerable data.
   [Client 32] Evaluated Epoch 3 and saved metrics to pod.
[Client 32] Local training... Privacy Flag is INCLUDING vulnerable data.
   [Client 21] Evaluated Epoch 3 and saved metrics to pod.
[Client 21] Local training... Privacy Flag is INCLUDING vulnerable data.
   [Client 28] Evaluated Epoch 3 and saved metrics to pod.
   [Client 11] Evaluated Epoch 3 and saved metrics to pod.
   [Client 45] Evaluated Epoch 3 and saved metrics to pod.
   [Client 35] Evaluated Epoch 3 and saved metrics to pod.
[Client 28] Local training... Privacy Flag is INCLUDING vulnerable data.   [Client 12] Evaluated Epoch 3 and saved metrics to pod.

[Client 11] Local training... Privacy Flag is INCLUDING vulnerable data.[Client 45] Local training... Privacy Flag is INCLUDING vulnerable data.[Client 35] Local training... Privacy Flag is INCLUDING vulnerable data.


   [Client 16] Evaluated Epoch 3 and saved metrics to pod.
[Client 12] Local training... Privacy Flag is INCLUDING vulnerable data.
   [Client 17] Evaluated Epoch 3 and saved metrics to pod.
[Client 16] Local training... Privacy Flag is INCLUDING vulnerable data.
   [Client 10] Evaluated Epoch 3 and saved metrics to pod.
[Client 17] Local training... Privacy Flag is INCLUDING vulnerable data.
   [Client 36] Evaluated Epoch 3 and saved metrics to pod.
   [Client 14] Evaluated Epoch 3 and saved metrics to pod.
   [Client 3] Evaluated Epoch 3 and saved metrics to pod.
[Client 36] Local training... Privacy Flag is INCLUDING vulnerable data.
[Client 10] Local training... Privacy Flag is INCLUDING vulnerable data.
[Client 3] Local training... Privacy Flag is INCLUDING vulnerable data.
[Client 14] Local training... Privacy Flag is INCLUDING vulnerable data.
   [Client 2] Evaluated Epoch 3 and saved metrics to pod.
[Client 2] Local training... Privacy Flag is INCLUDING vulnerable data.
   [Client 1] Evaluated Epoch 3 and saved metrics to pod.
[Client 30] Global model at Epoch 3 found. Downloading...
[Client 1] Local training... Privacy Flag is INCLUDING vulnerable data.
[Client 27] Global model at Epoch 3 found. Downloading...
[Client 7] Global model at Epoch 3 found. Downloading...
[Client 29] Global model at Epoch 3 found. Downloading...
[Client 9] Global model at Epoch 3 found. Downloading...
[Client 18] Global model at Epoch 3 found. Downloading...
[Client 24] Global model at Epoch 3 found. Downloading...
[Client 50] Global model at Epoch 3 found. Downloading...
   [Client 4] Evaluated Epoch 3 and saved metrics to pod.
[Client 4] Local training... Privacy Flag is INCLUDING vulnerable data.
   [Client 27] Evaluated Epoch 3 and saved metrics to pod.
[Client 27] Local training... Privacy Flag is INCLUDING vulnerable data.
   [Client 30] Evaluated Epoch 3 and saved metrics to pod.
   [Client 9] Evaluated Epoch 3 and saved metrics to pod.
[Client 39] Global model at Epoch 3 found. Downloading...[Client 13] Global model at Epoch 3 found. Downloading...

[Client 23] Global model at Epoch 3 found. Downloading...
[Client 43] Global model at Epoch 3 found. Downloading...[Client 25] Global model at Epoch 3 found. Downloading...[Client 49] Global model at Epoch 3 found. Downloading...


[Client 37] Global model at Epoch 3 found. Downloading...
[Client 9] Local training... Privacy Flag is INCLUDING vulnerable data.
[Client 15] Global model at Epoch 3 found. Downloading...
[Client 22] Global model at Epoch 3 found. Downloading...
[Client 40] Global model at Epoch 3 found. Downloading...
[Client 5] Global model at Epoch 3 found. Downloading...
[Client 30] Local training... Privacy Flag is INCLUDING vulnerable data.
   [Client 7] Evaluated Epoch 3 and saved metrics to pod.
   [Client 24] Evaluated Epoch 3 and saved metrics to pod.
[Client 7] Local training... Privacy Flag is INCLUDING vulnerable data.
[Client 24] Local training... Privacy Flag is INCLUDING vulnerable data.
   [Client 18] Evaluated Epoch 3 and saved metrics to pod.
   [Client 29] Evaluated Epoch 3 and saved metrics to pod.
[Client 29] Local training... Privacy Flag is INCLUDING vulnerable data.
[Client 18] Local training... Privacy Flag is INCLUDING vulnerable data.   [Client 50] Evaluated Epoch 3 and saved metrics to pod.

[Client 50] Local training... Privacy Flag is INCLUDING vulnerable data.
   [Client 37] Evaluated Epoch 3 and saved metrics to pod.
[Client 37] Local training... Privacy Flag is INCLUDING vulnerable data.
   [Client 13] Evaluated Epoch 3 and saved metrics to pod.
[Client 13] Local training... Privacy Flag is INCLUDING vulnerable data.
   [Client 22] Evaluated Epoch 3 and saved metrics to pod.
[Client 22] Local training... Privacy Flag is INCLUDING vulnerable data.
   [Client 43] Evaluated Epoch 3 and saved metrics to pod.
[Client 43] Local training... Privacy Flag is INCLUDING vulnerable data.
   [Client 49] Evaluated Epoch 3 and saved metrics to pod.
[Client 49] Local training... Privacy Flag is INCLUDING vulnerable data.
   [Client 23] Evaluated Epoch 3 and saved metrics to pod.
[Client 23] Local training... Privacy Flag is INCLUDING vulnerable data.
   [Client 25] Evaluated Epoch 3 and saved metrics to pod.
   [Client 5] Evaluated Epoch 3 and saved metrics to pod.
[Client 25] Local training... Privacy Flag is INCLUDING vulnerable data.
   [Client 40] Evaluated Epoch 3 and saved metrics to pod.
[Client 40] Local training... Privacy Flag is INCLUDING vulnerable data.
[Client 5] Local training... Privacy Flag is INCLUDING vulnerable data.
   [Client 15] Evaluated Epoch 3 and saved metrics to pod.
[Client 15] Local training... Privacy Flag is INCLUDING vulnerable data.
   [Client 39] Evaluated Epoch 3 and saved metrics to pod.
[Client 39] Local training... Privacy Flag is INCLUDING vulnerable data.

[Client 50] Local training complete. Avg Loss: 0.0533
[Client 50] Submitting public recipe weights for Swarm 0...
[Client 50] Waiting for consensus on swarm 0...

[Client 48] Local training complete. Avg Loss: 0.0557
[Client 48] Submitting public recipe weights for Swarm 0...
[Client 48] Waiting for consensus on swarm 0...

[Client 46] Local training complete. Avg Loss: 0.0557
[Client 46] Submitting public recipe weights for Swarm 0...
[Client 46] Waiting for consensus on swarm 0...

[Client 47] Local training complete. Avg Loss: 0.0560
[Client 47] Submitting public recipe weights for Swarm 0...
[Client 47] Waiting for consensus on swarm 0...

[Client 44] Local training complete. Avg Loss: 0.0539

[Client 49] Local training complete. Avg Loss: 0.0555

[Client 42] Local training complete. Avg Loss: 0.0547
[Client 49] Submitting public recipe weights for Swarm 0...
[Client 49] Waiting for consensus on swarm 0...

[Client 45] Local training complete. Avg Loss: 0.0538
[Client 44] Submitting public recipe weights for Swarm 0...
[Client 44] Waiting for consensus on swarm 0...
[Client 42] Submitting public recipe weights for Swarm 0...
[Client 42] Waiting for consensus on swarm 0...
[Client 45] Submitting public recipe weights for Swarm 0...

[Client 43] Local training complete. Avg Loss: 0.0533
[Client 45] Waiting for consensus on swarm 0...

[Client 41] Local training complete. Avg Loss: 0.0557
[Client 43] Submitting public recipe weights for Swarm 0...
[Client 41] Submitting public recipe weights for Swarm 0...
[Client 43] Waiting for consensus on swarm 0...
[Client 41] Waiting for consensus on swarm 0...

[Client 38] Local training complete. Avg Loss: 0.0525
[Client 38] Submitting public recipe weights for Swarm 0...
[Client 38] Waiting for consensus on swarm 0...

[Client 33] Local training complete. Avg Loss: 0.0551

[Client 40] Local training complete. Avg Loss: 0.0552
[Client 33] Submitting public recipe weights for Swarm 0...
[Client 33] Waiting for consensus on swarm 0...
[Client 40] Submitting public recipe weights for Swarm 0...
[Client 40] Waiting for consensus on swarm 0...

[Client 39] Local training complete. Avg Loss: 0.0559

[Client 35] Local training complete. Avg Loss: 0.0549

[Client 34] Local training complete. Avg Loss: 0.0559
[Client 39] Submitting public recipe weights for Swarm 0...
[Client 39] Waiting for consensus on swarm 0...

[Client 36] Local training complete. Avg Loss: 0.0557
[Client 34] Submitting public recipe weights for Swarm 0...

[Client 32] Local training complete. Avg Loss: 0.0543
[Client 34] Waiting for consensus on swarm 0...
[Client 35] Submitting public recipe weights for Swarm 0...
[Client 35] Waiting for consensus on swarm 0...
[Client 36] Submitting public recipe weights for Swarm 0...
[Client 36] Waiting for consensus on swarm 0...

[Client 37] Local training complete. Avg Loss: 0.0564
[Client 32] Submitting public recipe weights for Swarm 0...
[Client 32] Waiting for consensus on swarm 0...
[Client 37] Submitting public recipe weights for Swarm 0...
[Client 37] Waiting for consensus on swarm 0...

[Client 27] Local training complete. Avg Loss: 0.0556

[Client 29] Local training complete. Avg Loss: 0.0550

[Client 31] Local training complete. Avg Loss: 0.0552
[Client 27] Submitting public recipe weights for Swarm 0...
[Client 27] Waiting for consensus on swarm 0...
[Client 29] Submitting public recipe weights for Swarm 0...
[Client 29] Waiting for consensus on swarm 0...

[Client 28] Local training complete. Avg Loss: 0.0560
[Client 31] Submitting public recipe weights for Swarm 0...
[Client 31] Waiting for consensus on swarm 0...
[Client 28] Submitting public recipe weights for Swarm 0...
[Client 28] Waiting for consensus on swarm 0...

[Client 30] Local training complete. Avg Loss: 0.0559

[Client 22] Local training complete. Avg Loss: 0.0544
[Client 30] Submitting public recipe weights for Swarm 0...
[Client 30] Waiting for consensus on swarm 0...
[Client 22] Submitting public recipe weights for Swarm 0...
[Client 22] Waiting for consensus on swarm 0...

[Client 25] Local training complete. Avg Loss: 0.0555

[Client 23] Local training complete. Avg Loss: 0.0560

[Client 26] Local training complete. Avg Loss: 0.0561
[Client 25] Submitting public recipe weights for Swarm 0...
[Client 23] Submitting public recipe weights for Swarm 0...
[Client 25] Waiting for consensus on swarm 0...
[Client 23] Waiting for consensus on swarm 0...
[Client 26] Submitting public recipe weights for Swarm 0...
[Client 26] Waiting for consensus on swarm 0...

[Client 24] Local training complete. Avg Loss: 0.0550

[Client 16] Local training complete. Avg Loss: 0.0558
[Client 24] Submitting public recipe weights for Swarm 0...
[Client 16] Submitting public recipe weights for Swarm 0...
[Client 24] Waiting for consensus on swarm 0...
[Client 16] Waiting for consensus on swarm 0...

[Client 17] Local training complete. Avg Loss: 0.0543
[Client 17] Submitting public recipe weights for Swarm 0...
[Client 17] Waiting for consensus on swarm 0...

[Client 19] Local training complete. Avg Loss: 0.0546

[Client 21] Local training complete. Avg Loss: 0.0552
[Client 19] Submitting public recipe weights for Swarm 0...
[Client 19] Waiting for consensus on swarm 0...

[Client 18] Local training complete. Avg Loss: 0.0557
[Client 21] Submitting public recipe weights for Swarm 0...
[Client 21] Waiting for consensus on swarm 0...
[Client 18] Submitting public recipe weights for Swarm 0...
[Client 18] Waiting for consensus on swarm 0...

[Client 20] Local training complete. Avg Loss: 0.0557

[Client 15] Local training complete. Avg Loss: 0.0561
[Client 20] Submitting public recipe weights for Swarm 0...
[Client 20] Waiting for consensus on swarm 0...
[Client 15] Submitting public recipe weights for Swarm 0...
[Client 15] Waiting for consensus on swarm 0...

[Client 14] Local training complete. Avg Loss: 0.0534
[Client 14] Submitting public recipe weights for Swarm 0...
[Client 14] Waiting for consensus on swarm 0...

[Client 13] Local training complete. Avg Loss: 0.0559
[Client 13] Submitting public recipe weights for Swarm 0...
[Client 13] Waiting for consensus on swarm 0...

[Client 11] Local training complete. Avg Loss: 0.0555

[Client 10] Local training complete. Avg Loss: 0.0561
[Client 10] Submitting public recipe weights for Swarm 0...
[Client 11] Submitting public recipe weights for Swarm 0...

[Client 12] Local training complete. Avg Loss: 0.0554
[Client 10] Waiting for consensus on swarm 0...[Client 11] Waiting for consensus on swarm 0...

[Client 12] Submitting public recipe weights for Swarm 0...
[Client 12] Waiting for consensus on swarm 0...

[Client 9] Local training complete. Avg Loss: 0.0559
[Client 9] Submitting public recipe weights for Swarm 0...
[Client 9] Waiting for consensus on swarm 0...

[Client 8] Local training complete. Avg Loss: 0.0557
[Client 8] Submitting public recipe weights for Swarm 0...
[Client 8] Waiting for consensus on swarm 0...

[Client 6] Local training complete. Avg Loss: 0.0562
[Client 6] Submitting public recipe weights for Swarm 0...
[Client 6] Waiting for consensus on swarm 0...

[Client 7] Local training complete. Avg Loss: 0.0547
[Client 7] Submitting public recipe weights for Swarm 0...
[Client 7] Waiting for consensus on swarm 0...

[Client 4] Local training complete. Avg Loss: 0.0554

[Client 5] Local training complete. Avg Loss: 0.0561
[Client 4] Submitting public recipe weights for Swarm 0...
[Client 4] Waiting for consensus on swarm 0...
[Client 5] Submitting public recipe weights for Swarm 0...
[Client 5] Waiting for consensus on swarm 0...

[Client 3] Local training complete. Avg Loss: 0.0557
[Client 3] Submitting public recipe weights for Swarm 0...
[Client 3] Waiting for consensus on swarm 0...

[Client 2] Local training complete. Avg Loss: 0.0560
[Client 2] Submitting public recipe weights for Swarm 0...
[Client 2] Waiting for consensus on swarm 0...

[Client 1] Local training complete. Avg Loss: 0.0566
[Client 1] Submitting public recipe weights for Swarm 0...
[Client 1] Waiting for consensus on swarm 0...
[Client 49] ELECTED LEADER ✅ for Swarm 0! Aggregating weights...
[Client 49] Submitting aggregated global model for Swarm 0...
   [Client 49] Evaluated Epoch 4 and saved metrics to pod.
[Client 49] Local training... Privacy Flag is INCLUDING vulnerable data.
[Client 9] Global model at Epoch 4 found. Downloading...
[Client 2] Global model at Epoch 4 found. Downloading...
[Client 3] Global model at Epoch 4 found. Downloading...
[Client 22] Global model at Epoch 4 found. Downloading...
[Client 12] Global model at Epoch 4 found. Downloading...
[Client 23] Global model at Epoch 4 found. Downloading...
[Client 6] Global model at Epoch 4 found. Downloading...
[Client 1] Global model at Epoch 4 found. Downloading...
   [Client 9] Evaluated Epoch 4 and saved metrics to pod.
[Client 5] Global model at Epoch 4 found. Downloading...
[Client 9] Local training... Privacy Flag is INCLUDING vulnerable data.
[Client 15] Global model at Epoch 4 found. Downloading...
[Client 11] Global model at Epoch 4 found. Downloading...
   [Client 3] Evaluated Epoch 4 and saved metrics to pod.
   [Client 2] Evaluated Epoch 4 and saved metrics to pod.
[Client 31] Global model at Epoch 4 found. Downloading...
[Client 3] Local training... Privacy Flag is INCLUDING vulnerable data.
[Client 2] Local training... Privacy Flag is INCLUDING vulnerable data.
[Client 21] Global model at Epoch 4 found. Downloading...
   [Client 22] Evaluated Epoch 4 and saved metrics to pod.
[Client 22] Local training... Privacy Flag is INCLUDING vulnerable data.
[Client 19] Global model at Epoch 4 found. Downloading...
[Client 16] Global model at Epoch 4 found. Downloading...
[Client 32] Global model at Epoch 4 found. Downloading...
   [Client 6] Evaluated Epoch 4 and saved metrics to pod.
   [Client 12] Evaluated Epoch 4 and saved metrics to pod.
[Client 7] Global model at Epoch 4 found. Downloading...
[Client 6] Local training... Privacy Flag is INCLUDING vulnerable data.
[Client 12] Local training... Privacy Flag is INCLUDING vulnerable data.
[Client 10] Global model at Epoch 4 found. Downloading...
[Client 44] Global model at Epoch 4 found. Downloading...
[Client 48] Global model at Epoch 4 found. Downloading...
   [Client 23] Evaluated Epoch 4 and saved metrics to pod.
   [Client 1] Evaluated Epoch 4 and saved metrics to pod.
[Client 1] Local training... Privacy Flag is INCLUDING vulnerable data.
[Client 20] Global model at Epoch 4 found. Downloading...
   [Client 5] Evaluated Epoch 4 and saved metrics to pod.
[Client 36] Global model at Epoch 4 found. Downloading...
[Client 23] Local training... Privacy Flag is INCLUDING vulnerable data.
[Client 46] Global model at Epoch 4 found. Downloading...
[Client 41] Global model at Epoch 4 found. Downloading...
[Client 5] Local training... Privacy Flag is INCLUDING vulnerable data.
[Client 45] Global model at Epoch 4 found. Downloading...
[Client 13] Global model at Epoch 4 found. Downloading...
   [Client 15] Evaluated Epoch 4 and saved metrics to pod.
[Client 43] Global model at Epoch 4 found. Downloading...
[Client 26] Global model at Epoch 4 found. Downloading...
[Client 15] Local training... Privacy Flag is INCLUDING vulnerable data.
[Client 27] Global model at Epoch 4 found. Downloading...
[Client 33] Global model at Epoch 4 found. Downloading...
   [Client 31] Evaluated Epoch 4 and saved metrics to pod.
   [Client 11] Evaluated Epoch 4 and saved metrics to pod.
[Client 31] Local training... Privacy Flag is INCLUDING vulnerable data.   [Client 21] Evaluated Epoch 4 and saved metrics to pod.

[Client 28] Global model at Epoch 4 found. Downloading...
[Client 11] Local training... Privacy Flag is INCLUDING vulnerable data.[Client 35] Global model at Epoch 4 found. Downloading...
   [Client 32] Evaluated Epoch 4 and saved metrics to pod.

[Client 32] Local training... Privacy Flag is INCLUDING vulnerable data.
[Client 50] Global model at Epoch 4 found. Downloading...
[Client 21] Local training... Privacy Flag is INCLUDING vulnerable data.
[Client 29] Global model at Epoch 4 found. Downloading...
[Client 25] Global model at Epoch 4 found. Downloading...
   [Client 19] Evaluated Epoch 4 and saved metrics to pod.
   [Client 16] Evaluated Epoch 4 and saved metrics to pod.
[Client 42] Global model at Epoch 4 found. Downloading...
   [Client 13] Evaluated Epoch 4 and saved metrics to pod.
[Client 13] Local training... Privacy Flag is INCLUDING vulnerable data.
[Client 8] Global model at Epoch 4 found. Downloading...
[Client 19] Local training... Privacy Flag is INCLUDING vulnerable data.
[Client 4] Global model at Epoch 4 found. Downloading...
[Client 16] Local training... Privacy Flag is INCLUDING vulnerable data.
[Client 47] Global model at Epoch 4 found. Downloading...
[Client 34] Global model at Epoch 4 found. Downloading...
[Client 17] Global model at Epoch 4 found. Downloading...
[Client 37] Global model at Epoch 4 found. Downloading...
   [Client 48] Evaluated Epoch 4 and saved metrics to pod.
[Client 39] Global model at Epoch 4 found. Downloading...
[Client 40] Global model at Epoch 4 found. Downloading...
[Client 24] Global model at Epoch 4 found. Downloading...
[Client 48] Local training... Privacy Flag is INCLUDING vulnerable data.
   [Client 10] Evaluated Epoch 4 and saved metrics to pod.
[Client 18] Global model at Epoch 4 found. Downloading...
   [Client 46] Evaluated Epoch 4 and saved metrics to pod.
[Client 38] Global model at Epoch 4 found. Downloading...
[Client 46] Local training... Privacy Flag is INCLUDING vulnerable data.
[Client 14] Global model at Epoch 4 found. Downloading...
[Client 10] Local training... Privacy Flag is INCLUDING vulnerable data.
[Client 30] Global model at Epoch 4 found. Downloading...
   [Client 20] Evaluated Epoch 4 and saved metrics to pod.
   [Client 7] Evaluated Epoch 4 and saved metrics to pod.
   [Client 27] Evaluated Epoch 4 and saved metrics to pod.
[Client 20] Local training... Privacy Flag is INCLUDING vulnerable data.   [Client 45] Evaluated Epoch 4 and saved metrics to pod.

[Client 7] Local training... Privacy Flag is INCLUDING vulnerable data.[Client 27] Local training... Privacy Flag is INCLUDING vulnerable data.

[Client 45] Local training... Privacy Flag is INCLUDING vulnerable data.
   [Client 44] Evaluated Epoch 4 and saved metrics to pod.
   [Client 35] Evaluated Epoch 4 and saved metrics to pod.
[Client 44] Local training... Privacy Flag is INCLUDING vulnerable data.[Client 35] Local training... Privacy Flag is INCLUDING vulnerable data.

   [Client 43] Evaluated Epoch 4 and saved metrics to pod.
   [Client 29] Evaluated Epoch 4 and saved metrics to pod.
[Client 43] Local training... Privacy Flag is INCLUDING vulnerable data.
[Client 29] Local training... Privacy Flag is INCLUDING vulnerable data.
   [Client 26] Evaluated Epoch 4 and saved metrics to pod.
   [Client 36] Evaluated Epoch 4 and saved metrics to pod.
[Client 26] Local training... Privacy Flag is INCLUDING vulnerable data.
   [Client 8] Evaluated Epoch 4 and saved metrics to pod.
[Client 36] Local training... Privacy Flag is INCLUDING vulnerable data.
   [Client 41] Evaluated Epoch 4 and saved metrics to pod.
[Client 8] Local training... Privacy Flag is INCLUDING vulnerable data.
[Client 41] Local training... Privacy Flag is INCLUDING vulnerable data.
   [Client 50] Evaluated Epoch 4 and saved metrics to pod.
[Client 50] Local training... Privacy Flag is INCLUDING vulnerable data.
   [Client 34] Evaluated Epoch 4 and saved metrics to pod.
   [Client 28] Evaluated Epoch 4 and saved metrics to pod.
   [Client 17] Evaluated Epoch 4 and saved metrics to pod.
[Client 34] Local training... Privacy Flag is INCLUDING vulnerable data.
[Client 28] Local training... Privacy Flag is INCLUDING vulnerable data.
   [Client 33] Evaluated Epoch 4 and saved metrics to pod.
[Client 17] Local training... Privacy Flag is INCLUDING vulnerable data.
[Client 33] Local training... Privacy Flag is INCLUDING vulnerable data.
   [Client 47] Evaluated Epoch 4 and saved metrics to pod.
[Client 47] Local training... Privacy Flag is INCLUDING vulnerable data.
   [Client 25] Evaluated Epoch 4 and saved metrics to pod.
   [Client 24] Evaluated Epoch 4 and saved metrics to pod.
   [Client 39] Evaluated Epoch 4 and saved metrics to pod.
   [Client 42] Evaluated Epoch 4 and saved metrics to pod.
[Client 24] Local training... Privacy Flag is INCLUDING vulnerable data.
[Client 39] Local training... Privacy Flag is INCLUDING vulnerable data.
[Client 25] Local training... Privacy Flag is INCLUDING vulnerable data.
[Client 42] Local training... Privacy Flag is INCLUDING vulnerable data.
   [Client 37] Evaluated Epoch 4 and saved metrics to pod.
[Client 37] Local training... Privacy Flag is INCLUDING vulnerable data.
   [Client 40] Evaluated Epoch 4 and saved metrics to pod.
   [Client 14] Evaluated Epoch 4 and saved metrics to pod.
[Client 40] Local training... Privacy Flag is INCLUDING vulnerable data.
   [Client 4] Evaluated Epoch 4 and saved metrics to pod.
[Client 14] Local training... Privacy Flag is INCLUDING vulnerable data.
[Client 4] Local training... Privacy Flag is INCLUDING vulnerable data.
   [Client 30] Evaluated Epoch 4 and saved metrics to pod.
   [Client 38] Evaluated Epoch 4 and saved metrics to pod.
[Client 30] Local training... Privacy Flag is INCLUDING vulnerable data.
   [Client 18] Evaluated Epoch 4 and saved metrics to pod.
[Client 38] Local training... Privacy Flag is INCLUDING vulnerable data.
[Client 18] Local training... Privacy Flag is INCLUDING vulnerable data.

[Client 45] Local training complete. Avg Loss: 0.0539
[Client 45] Submitting public recipe weights for Swarm 0...
[Client 45] Waiting for consensus on swarm 0...

[Client 49] Local training complete. Avg Loss: 0.0554
[Client 49] Submitting public recipe weights for Swarm 0...
[Client 49] Waiting for consensus on swarm 0...

[Client 48] Local training complete. Avg Loss: 0.0558
[Client 48] Submitting public recipe weights for Swarm 0...

[Client 47] Local training complete. Avg Loss: 0.0561
[Client 48] Waiting for consensus on swarm 0...

[Client 50] Local training complete. Avg Loss: 0.0534

[Client 42] Local training complete. Avg Loss: 0.0547
[Client 47] Submitting public recipe weights for Swarm 0...
[Client 47] Waiting for consensus on swarm 0...
[Client 50] Submitting public recipe weights for Swarm 0...
[Client 50] Waiting for consensus on swarm 0...
[Client 42] Submitting public recipe weights for Swarm 0...
[Client 42] Waiting for consensus on swarm 0...

[Client 44] Local training complete. Avg Loss: 0.0540

[Client 46] Local training complete. Avg Loss: 0.0558
[Client 44] Submitting public recipe weights for Swarm 0...
[Client 46] Submitting public recipe weights for Swarm 0...
[Client 44] Waiting for consensus on swarm 0...
[Client 46] Waiting for consensus on swarm 0...

[Client 41] Local training complete. Avg Loss: 0.0557

[Client 40] Local training complete. Avg Loss: 0.0553
[Client 41] Submitting public recipe weights for Swarm 0...
[Client 41] Waiting for consensus on swarm 0...

[Client 38] Local training complete. Avg Loss: 0.0525
[Client 40] Submitting public recipe weights for Swarm 0...
[Client 40] Waiting for consensus on swarm 0...
[Client 38] Submitting public recipe weights for Swarm 0...
[Client 38] Waiting for consensus on swarm 0...

[Client 43] Local training complete. Avg Loss: 0.0533
[Client 43] Submitting public recipe weights for Swarm 0...
[Client 43] Waiting for consensus on swarm 0...

[Client 39] Local training complete. Avg Loss: 0.0559

[Client 34] Local training complete. Avg Loss: 0.0561
[Client 39] Submitting public recipe weights for Swarm 0...
[Client 39] Waiting for consensus on swarm 0...

[Client 36] Local training complete. Avg Loss: 0.0557

[Client 37] Local training complete. Avg Loss: 0.0559

[Client 35] Local training complete. Avg Loss: 0.0553
[Client 34] Submitting public recipe weights for Swarm 0...
[Client 34] Waiting for consensus on swarm 0...

[Client 32] Local training complete. Avg Loss: 0.0543
[Client 35] Submitting public recipe weights for Swarm 0...
[Client 35] Waiting for consensus on swarm 0...
[Client 37] Submitting public recipe weights for Swarm 0...
[Client 37] Waiting for consensus on swarm 0...
[Client 36] Submitting public recipe weights for Swarm 0...
[Client 36] Waiting for consensus on swarm 0...
[Client 32] Submitting public recipe weights for Swarm 0...
[Client 32] Waiting for consensus on swarm 0...

[Client 33] Local training complete. Avg Loss: 0.0551
[Client 33] Submitting public recipe weights for Swarm 0...
[Client 33] Waiting for consensus on swarm 0...

[Client 28] Local training complete. Avg Loss: 0.0561
[Client 28] Submitting public recipe weights for Swarm 0...
[Client 28] Waiting for consensus on swarm 0...

[Client 31] Local training complete. Avg Loss: 0.0553

[Client 29] Local training complete. Avg Loss: 0.0551
[Client 31] Submitting public recipe weights for Swarm 0...
[Client 31] Waiting for consensus on swarm 0...

[Client 27] Local training complete. Avg Loss: 0.0555
[Client 29] Submitting public recipe weights for Swarm 0...
[Client 29] Waiting for consensus on swarm 0...
[Client 27] Submitting public recipe weights for Swarm 0...
[Client 27] Waiting for consensus on swarm 0...

[Client 25] Local training complete. Avg Loss: 0.0556

[Client 30] Local training complete. Avg Loss: 0.0560
[Client 25] Submitting public recipe weights for Swarm 0...
[Client 25] Waiting for consensus on swarm 0...
[Client 30] Submitting public recipe weights for Swarm 0...
[Client 30] Waiting for consensus on swarm 0...

[Client 26] Local training complete. Avg Loss: 0.0560

[Client 23] Local training complete. Avg Loss: 0.0559
[Client 26] Submitting public recipe weights for Swarm 0...
[Client 26] Waiting for consensus on swarm 0...
[Client 23] Submitting public recipe weights for Swarm 0...
[Client 23] Waiting for consensus on swarm 0...

[Client 22] Local training complete. Avg Loss: 0.0546

[Client 24] Local training complete. Avg Loss: 0.0551
[Client 22] Submitting public recipe weights for Swarm 0...
[Client 22] Waiting for consensus on swarm 0...

[Client 21] Local training complete. Avg Loss: 0.0552
[Client 24] Submitting public recipe weights for Swarm 0...
[Client 24] Waiting for consensus on swarm 0...
[Client 21] Submitting public recipe weights for Swarm 0...
[Client 21] Waiting for consensus on swarm 0...

[Client 20] Local training complete. Avg Loss: 0.0558

[Client 19] Local training complete. Avg Loss: 0.0546
[Client 20] Submitting public recipe weights for Swarm 0...
[Client 20] Waiting for consensus on swarm 0...

[Client 17] Local training complete. Avg Loss: 0.0544

[Client 16] Local training complete. Avg Loss: 0.0558

[Client 18] Local training complete. Avg Loss: 0.0557
[Client 19] Submitting public recipe weights for Swarm 0...
[Client 17] Submitting public recipe weights for Swarm 0...
[Client 19] Waiting for consensus on swarm 0...
[Client 17] Waiting for consensus on swarm 0...

[Client 15] Local training complete. Avg Loss: 0.0560
[Client 16] Submitting public recipe weights for Swarm 0...
[Client 16] Waiting for consensus on swarm 0...
[Client 15] Submitting public recipe weights for Swarm 0...
[Client 15] Waiting for consensus on swarm 0...
[Client 18] Submitting public recipe weights for Swarm 0...
[Client 18] Waiting for consensus on swarm 0...

[Client 14] Local training complete. Avg Loss: 0.0536
[Client 14] Submitting public recipe weights for Swarm 0...
[Client 14] Waiting for consensus on swarm 0...

[Client 13] Local training complete. Avg Loss: 0.0563
[Client 13] Submitting public recipe weights for Swarm 0...
[Client 13] Waiting for consensus on swarm 0...

[Client 12] Local training complete. Avg Loss: 0.0555
[Client 12] Submitting public recipe weights for Swarm 0...
[Client 12] Waiting for consensus on swarm 0...

[Client 10] Local training complete. Avg Loss: 0.0562

[Client 11] Local training complete. Avg Loss: 0.0556
[Client 10] Submitting public recipe weights for Swarm 0...
[Client 10] Waiting for consensus on swarm 0...
[Client 11] Submitting public recipe weights for Swarm 0...
[Client 11] Waiting for consensus on swarm 0...

[Client 9] Local training complete. Avg Loss: 0.0560

[Client 8] Local training complete. Avg Loss: 0.0558
[Client 9] Submitting public recipe weights for Swarm 0...
[Client 9] Waiting for consensus on swarm 0...
[Client 8] Submitting public recipe weights for Swarm 0...
[Client 8] Waiting for consensus on swarm 0...

[Client 7] Local training complete. Avg Loss: 0.0548
[Client 7] Submitting public recipe weights for Swarm 0...

[Client 6] Local training complete. Avg Loss: 0.0562
[Client 7] Waiting for consensus on swarm 0...
[Client 6] Submitting public recipe weights for Swarm 0...
[Client 6] Waiting for consensus on swarm 0...

[Client 5] Local training complete. Avg Loss: 0.0562

[Client 4] Local training complete. Avg Loss: 0.0554
[Client 5] Submitting public recipe weights for Swarm 0...
[Client 4] Submitting public recipe weights for Swarm 0...
[Client 4] Waiting for consensus on swarm 0...
[Client 5] Waiting for consensus on swarm 0...

[Client 3] Local training complete. Avg Loss: 0.0557
[Client 3] Submitting public recipe weights for Swarm 0...
[Client 3] Waiting for consensus on swarm 0...

[Client 2] Local training complete. Avg Loss: 0.0560
[Client 2] Submitting public recipe weights for Swarm 0...
[Client 2] Waiting for consensus on swarm 0...

[Client 1] Local training complete. Avg Loss: 0.0567
[Client 1] Submitting public recipe weights for Swarm 0...
[Client 1] Waiting for consensus on swarm 0...
[Client 42] ELECTED LEADER ✅ for Swarm 0! Aggregating weights...
[Client 42] Submitting aggregated global model for Swarm 0...
[Client 41] Global model at Epoch 5 found. Downloading...
[Client 33] Global model at Epoch 5 found. Downloading...
[Client 18] Global model at Epoch 5 found. Downloading...
[Client 21] Global model at Epoch 5 found. Downloading...
[Client 25] Global model at Epoch 5 found. Downloading...
   [Client 42] Evaluated Epoch 5 and saved metrics to pod.
[Client 42] Local training... Privacy Flag is INCLUDING vulnerable data.
[Client 6] Global model at Epoch 5 found. Downloading...
[Client 16] Global model at Epoch 5 found. Downloading...
[Client 46] Global model at Epoch 5 found. Downloading...
[Client 19] Global model at Epoch 5 found. Downloading...
[Client 12] Global model at Epoch 5 found. Downloading...
[Client 44] Global model at Epoch 5 found. Downloading...
[Client 22] Global model at Epoch 5 found. Downloading...
[Client 24] Global model at Epoch 5 found. Downloading...
[Client 17] Global model at Epoch 5 found. Downloading...
[Client 23] Global model at Epoch 5 found. Downloading...
[Client 36] Global model at Epoch 5 found. Downloading...
[Client 43] Global model at Epoch 5 found. Downloading...
[Client 38] Global model at Epoch 5 found. Downloading...
[Client 40] Global model at Epoch 5 found. Downloading...
[Client 14] Global model at Epoch 5 found. Downloading...
[Client 30] Global model at Epoch 5 found. Downloading...
[Client 48] Global model at Epoch 5 found. Downloading...
[Client 1] Global model at Epoch 5 found. Downloading...
[Client 15] Global model at Epoch 5 found. Downloading...
[Client 26] Global model at Epoch 5 found. Downloading...
[Client 34] Global model at Epoch 5 found. Downloading...
[Client 29] Global model at Epoch 5 found. Downloading...
[Client 3] Global model at Epoch 5 found. Downloading...
[Client 2] Global model at Epoch 5 found. Downloading...
   [Client 24] Evaluated Epoch 5 and saved metrics to pod.
[Client 24] Local training... Privacy Flag is INCLUDING vulnerable data.
   [Client 43] Evaluated Epoch 5 and saved metrics to pod.
   [Client 15] Evaluated Epoch 5 and saved metrics to pod.
[Client 43] Local training... Privacy Flag is INCLUDING vulnerable data.[Client 15] Local training... Privacy Flag is INCLUDING vulnerable data.

   [Client 23] Evaluated Epoch 5 and saved metrics to pod.
[Client 23] Local training... Privacy Flag is INCLUDING vulnerable data.
   [Client 12] Evaluated Epoch 5 and saved metrics to pod.
   [Client 17] Evaluated Epoch 5 and saved metrics to pod.
   [Client 48] Evaluated Epoch 5 and saved metrics to pod.
   [Client 18] Evaluated Epoch 5 and saved metrics to pod.
[Client 12] Local training... Privacy Flag is INCLUDING vulnerable data.
[Client 17] Local training... Privacy Flag is INCLUDING vulnerable data.
[Client 48] Local training... Privacy Flag is INCLUDING vulnerable data.
[Client 18] Local training... Privacy Flag is INCLUDING vulnerable data.
   [Client 44] Evaluated Epoch 5 and saved metrics to pod.
   [Client 36] Evaluated Epoch 5 and saved metrics to pod.
   [Client 41] Evaluated Epoch 5 and saved metrics to pod.
   [Client 40] Evaluated Epoch 5 and saved metrics to pod.
   [Client 30] Evaluated Epoch 5 and saved metrics to pod.
   [Client 19] Evaluated Epoch 5 and saved metrics to pod.
[Client 41] Local training... Privacy Flag is INCLUDING vulnerable data.
[Client 44] Local training... Privacy Flag is INCLUDING vulnerable data.
[Client 40] Local training... Privacy Flag is INCLUDING vulnerable data.
   [Client 33] Evaluated Epoch 5 and saved metrics to pod.
   [Client 22] Evaluated Epoch 5 and saved metrics to pod.[Client 30] Local training... Privacy Flag is INCLUDING vulnerable data.
[Client 36] Local training... Privacy Flag is INCLUDING vulnerable data.
   [Client 25] Evaluated Epoch 5 and saved metrics to pod.

[Client 19] Local training... Privacy Flag is INCLUDING vulnerable data.[Client 22] Local training... Privacy Flag is INCLUDING vulnerable data.

[Client 25] Local training... Privacy Flag is INCLUDING vulnerable data.
   [Client 46] Evaluated Epoch 5 and saved metrics to pod.   [Client 21] Evaluated Epoch 5 and saved metrics to pod.

[Client 33] Local training... Privacy Flag is INCLUDING vulnerable data.[Client 8] Global model at Epoch 5 found. Downloading...

[Client 46] Local training... Privacy Flag is INCLUDING vulnerable data.
   [Client 6] Evaluated Epoch 5 and saved metrics to pod.
   [Client 26] Evaluated Epoch 5 and saved metrics to pod.
   [Client 16] Evaluated Epoch 5 and saved metrics to pod.[Client 21] Local training... Privacy Flag is INCLUDING vulnerable data.   [Client 38] Evaluated Epoch 5 and saved metrics to pod.


[Client 27] Global model at Epoch 5 found. Downloading...[Client 6] Local training... Privacy Flag is INCLUDING vulnerable data.

   [Client 14] Evaluated Epoch 5 and saved metrics to pod.
[Client 26] Local training... Privacy Flag is INCLUDING vulnerable data.
[Client 38] Local training... Privacy Flag is INCLUDING vulnerable data.
[Client 16] Local training... Privacy Flag is INCLUDING vulnerable data.   [Client 2] Evaluated Epoch 5 and saved metrics to pod.

[Client 14] Local training... Privacy Flag is INCLUDING vulnerable data.
[Client 2] Local training... Privacy Flag is INCLUDING vulnerable data.
   [Client 3] Evaluated Epoch 5 and saved metrics to pod.
[Client 49] Global model at Epoch 5 found. Downloading...
[Client 3] Local training... Privacy Flag is INCLUDING vulnerable data.
[Client 7] Global model at Epoch 5 found. Downloading...
[Client 50] Global model at Epoch 5 found. Downloading...
   [Client 1] Evaluated Epoch 5 and saved metrics to pod.[Client 47] Global model at Epoch 5 found. Downloading...

[Client 1] Local training... Privacy Flag is INCLUDING vulnerable data.
   [Client 34] Evaluated Epoch 5 and saved metrics to pod.   [Client 29] Evaluated Epoch 5 and saved metrics to pod.

[Client 45] Global model at Epoch 5 found. Downloading...
[Client 29] Local training... Privacy Flag is INCLUDING vulnerable data.[Client 9] Global model at Epoch 5 found. Downloading...

[Client 34] Local training... Privacy Flag is INCLUDING vulnerable data.[Client 10] Global model at Epoch 5 found. Downloading...
[Client 31] Global model at Epoch 5 found. Downloading...
[Client 37] Global model at Epoch 5 found. Downloading...

[Client 11] Global model at Epoch 5 found. Downloading...
[Client 35] Global model at Epoch 5 found. Downloading...
[Client 20] Global model at Epoch 5 found. Downloading...
[Client 5] Global model at Epoch 5 found. Downloading...
[Client 39] Global model at Epoch 5 found. Downloading...
[Client 4] Global model at Epoch 5 found. Downloading...
[Client 13] Global model at Epoch 5 found. Downloading...
   [Client 8] Evaluated Epoch 5 and saved metrics to pod.
[Client 8] Local training... Privacy Flag is INCLUDING vulnerable data.
   [Client 27] Evaluated Epoch 5 and saved metrics to pod.
   [Client 49] Evaluated Epoch 5 and saved metrics to pod.
[Client 27] Local training... Privacy Flag is INCLUDING vulnerable data.
   [Client 7] Evaluated Epoch 5 and saved metrics to pod.
[Client 49] Local training... Privacy Flag is INCLUDING vulnerable data.
[Client 7] Local training... Privacy Flag is INCLUDING vulnerable data.
   [Client 47] Evaluated Epoch 5 and saved metrics to pod.
[Client 47] Local training... Privacy Flag is INCLUDING vulnerable data.
   [Client 31] Evaluated Epoch 5 and saved metrics to pod.
[Client 31] Local training... Privacy Flag is INCLUDING vulnerable data.
   [Client 35] Evaluated Epoch 5 and saved metrics to pod.
   [Client 39] Evaluated Epoch 5 and saved metrics to pod.
[Client 35] Local training... Privacy Flag is INCLUDING vulnerable data.
[Client 39] Local training... Privacy Flag is INCLUDING vulnerable data.
   [Client 37] Evaluated Epoch 5 and saved metrics to pod.
   [Client 9] Evaluated Epoch 5 and saved metrics to pod.
[Client 37] Local training... Privacy Flag is INCLUDING vulnerable data.
[Client 32] Global model at Epoch 5 found. Downloading...
[Client 28] Global model at Epoch 5 found. Downloading...
[Client 9] Local training... Privacy Flag is INCLUDING vulnerable data.
   [Client 20] Evaluated Epoch 5 and saved metrics to pod.
[Client 20] Local training... Privacy Flag is INCLUDING vulnerable data.
   [Client 10] Evaluated Epoch 5 and saved metrics to pod.
   [Client 45] Evaluated Epoch 5 and saved metrics to pod.
[Client 10] Local training... Privacy Flag is INCLUDING vulnerable data.
[Client 45] Local training... Privacy Flag is INCLUDING vulnerable data.   [Client 5] Evaluated Epoch 5 and saved metrics to pod.

   [Client 50] Evaluated Epoch 5 and saved metrics to pod.
[Client 5] Local training... Privacy Flag is INCLUDING vulnerable data.
[Client 50] Local training... Privacy Flag is INCLUDING vulnerable data.   [Client 11] Evaluated Epoch 5 and saved metrics to pod.

[Client 11] Local training... Privacy Flag is INCLUDING vulnerable data.
   [Client 13] Evaluated Epoch 5 and saved metrics to pod.
[Client 13] Local training... Privacy Flag is INCLUDING vulnerable data.
   [Client 4] Evaluated Epoch 5 and saved metrics to pod.
[Client 4] Local training... Privacy Flag is INCLUDING vulnerable data.
   [Client 32] Evaluated Epoch 5 and saved metrics to pod.
[Client 32] Local training... Privacy Flag is INCLUDING vulnerable data.
   [Client 28] Evaluated Epoch 5 and saved metrics to pod.
[Client 28] Local training... Privacy Flag is INCLUDING vulnerable data.

[Client 45] Local training complete. Avg Loss: 0.0539
[Client 45] Submitting public recipe weights for Swarm 0...
[Client 45] Waiting for consensus on swarm 0...

[Client 50] Local training complete. Avg Loss: 0.0535

[Client 44] Local training complete. Avg Loss: 0.0540

[Client 49] Local training complete. Avg Loss: 0.0554

[Client 42] Local training complete. Avg Loss: 0.0550

[Client 48] Local training complete. Avg Loss: 0.0559
[Client 50] Submitting public recipe weights for Swarm 0...
[Client 50] Waiting for consensus on swarm 0...

[Client 47] Local training complete. Avg Loss: 0.0560
[Client 44] Submitting public recipe weights for Swarm 0...
[Client 44] Waiting for consensus on swarm 0...
[Client 42] Submitting public recipe weights for Swarm 0...
[Client 42] Waiting for consensus on swarm 0...

[Client 46] Local training complete. Avg Loss: 0.0558
[Client 49] Submitting public recipe weights for Swarm 0...
[Client 49] Waiting for consensus on swarm 0...
[Client 47] Submitting public recipe weights for Swarm 0...
[Client 48] Submitting public recipe weights for Swarm 0...
[Client 47] Waiting for consensus on swarm 0...
[Client 48] Waiting for consensus on swarm 0...
[Client 46] Submitting public recipe weights for Swarm 0...
[Client 46] Waiting for consensus on swarm 0...

[Client 43] Local training complete. Avg Loss: 0.0535

[Client 40] Local training complete. Avg Loss: 0.0554

[Client 41] Local training complete. Avg Loss: 0.0558

[Client 37] Local training complete. Avg Loss: 0.0557
[Client 41] Submitting public recipe weights for Swarm 0...
[Client 43] Submitting public recipe weights for Swarm 0...
[Client 40] Submitting public recipe weights for Swarm 0...
[Client 40] Waiting for consensus on swarm 0...
[Client 41] Waiting for consensus on swarm 0...[Client 43] Waiting for consensus on swarm 0...


[Client 38] Local training complete. Avg Loss: 0.0526
[Client 37] Submitting public recipe weights for Swarm 0...
[Client 37] Waiting for consensus on swarm 0...

[Client 39] Local training complete. Avg Loss: 0.0561
[Client 38] Submitting public recipe weights for Swarm 0...
[Client 38] Waiting for consensus on swarm 0...
[Client 39] Submitting public recipe weights for Swarm 0...
[Client 39] Waiting for consensus on swarm 0...

[Client 36] Local training complete. Avg Loss: 0.0557

[Client 33] Local training complete. Avg Loss: 0.0551

[Client 32] Local training complete. Avg Loss: 0.0543
[Client 36] Submitting public recipe weights for Swarm 0...
[Client 36] Waiting for consensus on swarm 0...
[Client 33] Submitting public recipe weights for Swarm 0...
[Client 33] Waiting for consensus on swarm 0...
[Client 32] Submitting public recipe weights for Swarm 0...
[Client 32] Waiting for consensus on swarm 0...

[Client 35] Local training complete. Avg Loss: 0.0551

[Client 34] Local training complete. Avg Loss: 0.0559
[Client 35] Submitting public recipe weights for Swarm 0...
[Client 35] Waiting for consensus on swarm 0...
[Client 34] Submitting public recipe weights for Swarm 0...
[Client 34] Waiting for consensus on swarm 0...

[Client 31] Local training complete. Avg Loss: 0.0552
[Client 31] Submitting public recipe weights for Swarm 0...
[Client 31] Waiting for consensus on swarm 0...

[Client 30] Local training complete. Avg Loss: 0.0559

[Client 27] Local training complete. Avg Loss: 0.0556
[Client 30] Submitting public recipe weights for Swarm 0...
[Client 30] Waiting for consensus on swarm 0...

[Client 29] Local training complete. Avg Loss: 0.0551
[Client 27] Submitting public recipe weights for Swarm 0...
[Client 27] Waiting for consensus on swarm 0...
[Client 29] Submitting public recipe weights for Swarm 0...
[Client 29] Waiting for consensus on swarm 0...

[Client 28] Local training complete. Avg Loss: 0.0558
[Client 28] Submitting public recipe weights for Swarm 0...
[Client 28] Waiting for consensus on swarm 0...

[Client 26] Local training complete. Avg Loss: 0.0563
[Client 26] Submitting public recipe weights for Swarm 0...
[Client 26] Waiting for consensus on swarm 0...

[Client 25] Local training complete. Avg Loss: 0.0556

[Client 24] Local training complete. Avg Loss: 0.0551
[Client 25] Submitting public recipe weights for Swarm 0...
[Client 25] Waiting for consensus on swarm 0...
[Client 24] Submitting public recipe weights for Swarm 0...
[Client 24] Waiting for consensus on swarm 0...

[Client 23] Local training complete. Avg Loss: 0.0561

[Client 22] Local training complete. Avg Loss: 0.0544
[Client 23] Submitting public recipe weights for Swarm 0...
[Client 23] Waiting for consensus on swarm 0...
[Client 22] Submitting public recipe weights for Swarm 0...
[Client 22] Waiting for consensus on swarm 0...

[Client 20] Local training complete. Avg Loss: 0.0556

[Client 17] Local training complete. Avg Loss: 0.0544
[Client 20] Submitting public recipe weights for Swarm 0...
[Client 20] Waiting for consensus on swarm 0...

[Client 21] Local training complete. Avg Loss: 0.0553
[Client 17] Submitting public recipe weights for Swarm 0...
[Client 17] Waiting for consensus on swarm 0...
[Client 21] Submitting public recipe weights for Swarm 0...
[Client 21] Waiting for consensus on swarm 0...

[Client 18] Local training complete. Avg Loss: 0.0558
[Client 18] Submitting public recipe weights for Swarm 0...
[Client 18] Waiting for consensus on swarm 0...

[Client 19] Local training complete. Avg Loss: 0.0546

[Client 16] Local training complete. Avg Loss: 0.0558
[Client 19] Submitting public recipe weights for Swarm 0...
[Client 19] Waiting for consensus on swarm 0...

[Client 15] Local training complete. Avg Loss: 0.0562
[Client 16] Submitting public recipe weights for Swarm 0...
[Client 16] Waiting for consensus on swarm 0...
[Client 15] Submitting public recipe weights for Swarm 0...
[Client 15] Waiting for consensus on swarm 0...

[Client 14] Local training complete. Avg Loss: 0.0535

[Client 12] Local training complete. Avg Loss: 0.0556
[Client 14] Submitting public recipe weights for Swarm 0...
[Client 14] Waiting for consensus on swarm 0...
[Client 12] Submitting public recipe weights for Swarm 0...
[Client 12] Waiting for consensus on swarm 0...

[Client 13] Local training complete. Avg Loss: 0.0562
[Client 13] Submitting public recipe weights for Swarm 0...
[Client 13] Waiting for consensus on swarm 0...

[Client 11] Local training complete. Avg Loss: 0.0556
[Client 11] Submitting public recipe weights for Swarm 0...
[Client 11] Waiting for consensus on swarm 0...

[Client 10] Local training complete. Avg Loss: 0.0562
[Client 10] Submitting public recipe weights for Swarm 0...
[Client 10] Waiting for consensus on swarm 0...

[Client 9] Local training complete. Avg Loss: 0.0561

[Client 8] Local training complete. Avg Loss: 0.0558
[Client 9] Submitting public recipe weights for Swarm 0...
[Client 9] Waiting for consensus on swarm 0...
[Client 8] Submitting public recipe weights for Swarm 0...
[Client 8] Waiting for consensus on swarm 0...

[Client 6] Local training complete. Avg Loss: 0.0562
[Client 6] Submitting public recipe weights for Swarm 0...
[Client 6] Waiting for consensus on swarm 0...

[Client 7] Local training complete. Avg Loss: 0.0548

[Client 5] Local training complete. Avg Loss: 0.0562
[Client 7] Submitting public recipe weights for Swarm 0...
[Client 7] Waiting for consensus on swarm 0...
[Client 5] Submitting public recipe weights for Swarm 0...
[Client 5] Waiting for consensus on swarm 0...

[Client 4] Local training complete. Avg Loss: 0.0555
[Client 4] Submitting public recipe weights for Swarm 0...
[Client 4] Waiting for consensus on swarm 0...

[Client 3] Local training complete. Avg Loss: 0.0558
[Client 3] Submitting public recipe weights for Swarm 0...
[Client 3] Waiting for consensus on swarm 0...

[Client 2] Local training complete. Avg Loss: 0.0560
[Client 2] Submitting public recipe weights for Swarm 0...
[Client 2] Waiting for consensus on swarm 0...

[Client 1] Local training complete. Avg Loss: 0.0567
[Client 1] Submitting public recipe weights for Swarm 0...
[Client 1] Waiting for consensus on swarm 0...
[Client 48] ELECTED LEADER ✅ for Swarm 0! Aggregating weights...
[Client 48] Submitting aggregated global model for Swarm 0...
   [Client 48] Evaluated Epoch 6 and saved metrics to pod.
[Client 48] Local training... Privacy Flag is INCLUDING vulnerable data.
[Client 8] Global model at Epoch 6 found. Downloading...
[Client 19] Global model at Epoch 6 found. Downloading...
[Client 25] Global model at Epoch 6 found. Downloading...
[Client 3] Global model at Epoch 6 found. Downloading...
[Client 50] Global model at Epoch 6 found. Downloading...
[Client 33] Global model at Epoch 6 found. Downloading...
[Client 34] Global model at Epoch 6 found. Downloading...
[Client 47] Global model at Epoch 6 found. Downloading...
[Client 32] Global model at Epoch 6 found. Downloading...
[Client 35] Global model at Epoch 6 found. Downloading...
   [Client 8] Evaluated Epoch 6 and saved metrics to pod.
[Client 8] Local training... Privacy Flag is INCLUDING vulnerable data.
[Client 40] Global model at Epoch 6 found. Downloading...
[Client 44] Global model at Epoch 6 found. Downloading...
   [Client 19] Evaluated Epoch 6 and saved metrics to pod.
   [Client 25] Evaluated Epoch 6 and saved metrics to pod.
[Client 16] Global model at Epoch 6 found. Downloading...
[Client 19] Local training... Privacy Flag is INCLUDING vulnerable data.
[Client 25] Local training... Privacy Flag is INCLUDING vulnerable data.
[Client 4] Global model at Epoch 6 found. Downloading...
[Client 45] Global model at Epoch 6 found. Downloading...
   [Client 3] Evaluated Epoch 6 and saved metrics to pod.
[Client 38] Global model at Epoch 6 found. Downloading...
[Client 3] Local training... Privacy Flag is INCLUDING vulnerable data.
[Client 18] Global model at Epoch 6 found. Downloading...
   [Client 50] Evaluated Epoch 6 and saved metrics to pod.
[Client 22] Global model at Epoch 6 found. Downloading...
   [Client 34] Evaluated Epoch 6 and saved metrics to pod.
[Client 34] Local training... Privacy Flag is INCLUDING vulnerable data.
[Client 50] Local training... Privacy Flag is INCLUDING vulnerable data.
   [Client 33] Evaluated Epoch 6 and saved metrics to pod.
[Client 41] Global model at Epoch 6 found. Downloading...
[Client 12] Global model at Epoch 6 found. Downloading...
[Client 42] Global model at Epoch 6 found. Downloading...
[Client 33] Local training... Privacy Flag is INCLUDING vulnerable data.
   [Client 35] Evaluated Epoch 6 and saved metrics to pod.
[Client 20] Global model at Epoch 6 found. Downloading...
[Client 6] Global model at Epoch 6 found. Downloading...
[Client 35] Local training... Privacy Flag is INCLUDING vulnerable data.
   [Client 32] Evaluated Epoch 6 and saved metrics to pod.
[Client 10] Global model at Epoch 6 found. Downloading...
[Client 32] Local training... Privacy Flag is INCLUDING vulnerable data.
[Client 21] Global model at Epoch 6 found. Downloading...
   [Client 47] Evaluated Epoch 6 and saved metrics to pod.
[Client 47] Local training... Privacy Flag is INCLUDING vulnerable data.
[Client 49] Global model at Epoch 6 found. Downloading...
[Client 1] Global model at Epoch 6 found. Downloading...
[Client 36] Global model at Epoch 6 found. Downloading...
[Client 17] Global model at Epoch 6 found. Downloading...
   [Client 40] Evaluated Epoch 6 and saved metrics to pod.
   [Client 44] Evaluated Epoch 6 and saved metrics to pod.[Client 39] Global model at Epoch 6 found. Downloading...

   [Client 4] Evaluated Epoch 6 and saved metrics to pod.
[Client 40] Local training... Privacy Flag is INCLUDING vulnerable data.
[Client 44] Local training... Privacy Flag is INCLUDING vulnerable data.
[Client 24] Global model at Epoch 6 found. Downloading...[Client 11] Global model at Epoch 6 found. Downloading...

[Client 26] Global model at Epoch 6 found. Downloading...
[Client 31] Global model at Epoch 6 found. Downloading...
[Client 4] Local training... Privacy Flag is INCLUDING vulnerable data.
[Client 46] Global model at Epoch 6 found. Downloading...
[Client 15] Global model at Epoch 6 found. Downloading...
   [Client 16] Evaluated Epoch 6 and saved metrics to pod.
[Client 37] Global model at Epoch 6 found. Downloading...
[Client 16] Local training... Privacy Flag is INCLUDING vulnerable data.
[Client 27] Global model at Epoch 6 found. Downloading...
[Client 7] Global model at Epoch 6 found. Downloading...
[Client 9] Global model at Epoch 6 found. Downloading...
[Client 13] Global model at Epoch 6 found. Downloading...
[Client 30] Global model at Epoch 6 found. Downloading...
[Client 14] Global model at Epoch 6 found. Downloading...
[Client 43] Global model at Epoch 6 found. Downloading...
   [Client 18] Evaluated Epoch 6 and saved metrics to pod.
[Client 28] Global model at Epoch 6 found. Downloading...
   [Client 45] Evaluated Epoch 6 and saved metrics to pod.
[Client 23] Global model at Epoch 6 found. Downloading...
[Client 29] Global model at Epoch 6 found. Downloading...
[Client 18] Local training... Privacy Flag is INCLUDING vulnerable data.
[Client 2] Global model at Epoch 6 found. Downloading...
[Client 45] Local training... Privacy Flag is INCLUDING vulnerable data.
   [Client 38] Evaluated Epoch 6 and saved metrics to pod.
[Client 38] Local training... Privacy Flag is INCLUDING vulnerable data.
   [Client 12] Evaluated Epoch 6 and saved metrics to pod.
   [Client 41] Evaluated Epoch 6 and saved metrics to pod.
[Client 12] Local training... Privacy Flag is INCLUDING vulnerable data.
[Client 41] Local training... Privacy Flag is INCLUDING vulnerable data.
   [Client 22] Evaluated Epoch 6 and saved metrics to pod.
   [Client 6] Evaluated Epoch 6 and saved metrics to pod.
[Client 22] Local training... Privacy Flag is INCLUDING vulnerable data.
   [Client 42] Evaluated Epoch 6 and saved metrics to pod.
[Client 6] Local training... Privacy Flag is INCLUDING vulnerable data.
[Client 42] Local training... Privacy Flag is INCLUDING vulnerable data.
   [Client 21] Evaluated Epoch 6 and saved metrics to pod.
   [Client 10] Evaluated Epoch 6 and saved metrics to pod.
[Client 21] Local training... Privacy Flag is INCLUDING vulnerable data.
   [Client 20] Evaluated Epoch 6 and saved metrics to pod.
[Client 10] Local training... Privacy Flag is INCLUDING vulnerable data.
   [Client 49] Evaluated Epoch 6 and saved metrics to pod.
[Client 20] Local training... Privacy Flag is INCLUDING vulnerable data.
   [Client 15] Evaluated Epoch 6 and saved metrics to pod.
   [Client 11] Evaluated Epoch 6 and saved metrics to pod.
[Client 49] Local training... Privacy Flag is INCLUDING vulnerable data.
   [Client 17] Evaluated Epoch 6 and saved metrics to pod.
   [Client 26] Evaluated Epoch 6 and saved metrics to pod.
[Client 15] Local training... Privacy Flag is INCLUDING vulnerable data.
[Client 26] Local training... Privacy Flag is INCLUDING vulnerable data.
[Client 11] Local training... Privacy Flag is INCLUDING vulnerable data.
[Client 17] Local training... Privacy Flag is INCLUDING vulnerable data.
   [Client 28] Evaluated Epoch 6 and saved metrics to pod.
   [Client 1] Evaluated Epoch 6 and saved metrics to pod.
   [Client 7] Evaluated Epoch 6 and saved metrics to pod.
[Client 28] Local training... Privacy Flag is INCLUDING vulnerable data.
[Client 1] Local training... Privacy Flag is INCLUDING vulnerable data.
[Client 7] Local training... Privacy Flag is INCLUDING vulnerable data.
   [Client 14] Evaluated Epoch 6 and saved metrics to pod.
   [Client 39] Evaluated Epoch 6 and saved metrics to pod.
[Client 14] Local training... Privacy Flag is INCLUDING vulnerable data.
   [Client 37] Evaluated Epoch 6 and saved metrics to pod.
   [Client 24] Evaluated Epoch 6 and saved metrics to pod.
[Client 39] Local training... Privacy Flag is INCLUDING vulnerable data.
   [Client 36] Evaluated Epoch 6 and saved metrics to pod.
[Client 37] Local training... Privacy Flag is INCLUDING vulnerable data.
[Client 24] Local training... Privacy Flag is INCLUDING vulnerable data.
   [Client 9] Evaluated Epoch 6 and saved metrics to pod.
[Client 36] Local training... Privacy Flag is INCLUDING vulnerable data.
   [Client 31] Evaluated Epoch 6 and saved metrics to pod.
   [Client 46] Evaluated Epoch 6 and saved metrics to pod.
[Client 5] Global model at Epoch 6 found. Downloading...
[Client 46] Local training... Privacy Flag is INCLUDING vulnerable data.
[Client 9] Local training... Privacy Flag is INCLUDING vulnerable data.
[Client 31] Local training... Privacy Flag is INCLUDING vulnerable data.
   [Client 30] Evaluated Epoch 6 and saved metrics to pod.
[Client 30] Local training... Privacy Flag is INCLUDING vulnerable data.
   [Client 23] Evaluated Epoch 6 and saved metrics to pod.
   [Client 2] Evaluated Epoch 6 and saved metrics to pod.
[Client 2] Local training... Privacy Flag is INCLUDING vulnerable data.
   [Client 27] Evaluated Epoch 6 and saved metrics to pod.
[Client 23] Local training... Privacy Flag is INCLUDING vulnerable data.
   [Client 43] Evaluated Epoch 6 and saved metrics to pod.
   [Client 29] Evaluated Epoch 6 and saved metrics to pod.
   [Client 13] Evaluated Epoch 6 and saved metrics to pod.
[Client 27] Local training... Privacy Flag is INCLUDING vulnerable data.
[Client 29] Local training... Privacy Flag is INCLUDING vulnerable data.
[Client 43] Local training... Privacy Flag is INCLUDING vulnerable data.
[Client 13] Local training... Privacy Flag is INCLUDING vulnerable data.
   [Client 5] Evaluated Epoch 6 and saved metrics to pod.
[Client 5] Local training... Privacy Flag is INCLUDING vulnerable data.

[Client 46] Local training complete. Avg Loss: 0.0559
[Client 46] Submitting public recipe weights for Swarm 0...
[Client 46] Waiting for consensus on swarm 0...

[Client 50] Local training complete. Avg Loss: 0.0535

[Client 45] Local training complete. Avg Loss: 0.0541
[Client 50] Submitting public recipe weights for Swarm 0...

[Client 49] Local training complete. Avg Loss: 0.0555
[Client 50] Waiting for consensus on swarm 0...

[Client 42] Local training complete. Avg Loss: 0.0551
[Client 45] Submitting public recipe weights for Swarm 0...
[Client 45] Waiting for consensus on swarm 0...

[Client 47] Local training complete. Avg Loss: 0.0560
[Client 49] Submitting public recipe weights for Swarm 0...
[Client 49] Waiting for consensus on swarm 0...

[Client 33] Local training complete. Avg Loss: 0.0553
[Client 42] Submitting public recipe weights for Swarm 0...
[Client 42] Waiting for consensus on swarm 0...

[Client 48] Local training complete. Avg Loss: 0.0559

[Client 44] Local training complete. Avg Loss: 0.0541

[Client 41] Local training complete. Avg Loss: 0.0558
[Client 47] Submitting public recipe weights for Swarm 0...
[Client 33] Submitting public recipe weights for Swarm 0...
[Client 47] Waiting for consensus on swarm 0...
[Client 33] Waiting for consensus on swarm 0...
[Client 48] Submitting public recipe weights for Swarm 0...
[Client 41] Submitting public recipe weights for Swarm 0...

[Client 43] Local training complete. Avg Loss: 0.0537
[Client 44] Submitting public recipe weights for Swarm 0...
[Client 48] Waiting for consensus on swarm 0...
[Client 41] Waiting for consensus on swarm 0...
[Client 44] Waiting for consensus on swarm 0...

[Client 38] Local training complete. Avg Loss: 0.0526
[Client 43] Submitting public recipe weights for Swarm 0...
[Client 43] Waiting for consensus on swarm 0...
[Client 38] Submitting public recipe weights for Swarm 0...
[Client 38] Waiting for consensus on swarm 0...

[Client 39] Local training complete. Avg Loss: 0.0560
[Client 39] Submitting public recipe weights for Swarm 0...
[Client 39] Waiting for consensus on swarm 0...

[Client 40] Local training complete. Avg Loss: 0.0554

[Client 36] Local training complete. Avg Loss: 0.0557
[Client 40] Submitting public recipe weights for Swarm 0...
[Client 40] Waiting for consensus on swarm 0...
[Client 36] Submitting public recipe weights for Swarm 0...
[Client 36] Waiting for consensus on swarm 0...

[Client 37] Local training complete. Avg Loss: 0.0560
[Client 37] Submitting public recipe weights for Swarm 0...
[Client 37] Waiting for consensus on swarm 0...

[Client 34] Local training complete. Avg Loss: 0.0560

[Client 35] Local training complete. Avg Loss: 0.0551

[Client 29] Local training complete. Avg Loss: 0.0552

[Client 31] Local training complete. Avg Loss: 0.0552
[Client 34] Submitting public recipe weights for Swarm 0...
[Client 34] Waiting for consensus on swarm 0...
[Client 35] Submitting public recipe weights for Swarm 0...
[Client 29] Submitting public recipe weights for Swarm 0...
[Client 31] Submitting public recipe weights for Swarm 0...
[Client 35] Waiting for consensus on swarm 0...
[Client 31] Waiting for consensus on swarm 0...
[Client 29] Waiting for consensus on swarm 0...

[Client 32] Local training complete. Avg Loss: 0.0543
[Client 32] Submitting public recipe weights for Swarm 0...
[Client 32] Waiting for consensus on swarm 0...

[Client 30] Local training complete. Avg Loss: 0.0561

[Client 26] Local training complete. Avg Loss: 0.0562
[Client 30] Submitting public recipe weights for Swarm 0...
[Client 30] Waiting for consensus on swarm 0...

[Client 28] Local training complete. Avg Loss: 0.0561
[Client 26] Submitting public recipe weights for Swarm 0...
[Client 26] Waiting for consensus on swarm 0...
[Client 28] Submitting public recipe weights for Swarm 0...
[Client 28] Waiting for consensus on swarm 0...

[Client 25] Local training complete. Avg Loss: 0.0557
[Client 25] Submitting public recipe weights for Swarm 0...
[Client 25] Waiting for consensus on swarm 0...

[Client 27] Local training complete. Avg Loss: 0.0557
[Client 27] Submitting public recipe weights for Swarm 0...
[Client 27] Waiting for consensus on swarm 0...

[Client 24] Local training complete. Avg Loss: 0.0550
[Client 24] Submitting public recipe weights for Swarm 0...
[Client 24] Waiting for consensus on swarm 0...

[Client 18] Local training complete. Avg Loss: 0.0558
[Client 18] Submitting public recipe weights for Swarm 0...
[Client 18] Waiting for consensus on swarm 0...

[Client 23] Local training complete. Avg Loss: 0.0560

[Client 22] Local training complete. Avg Loss: 0.0547
[Client 23] Submitting public recipe weights for Swarm 0...
[Client 23] Waiting for consensus on swarm 0...

[Client 21] Local training complete. Avg Loss: 0.0554

[Client 20] Local training complete. Avg Loss: 0.0559
[Client 21] Submitting public recipe weights for Swarm 0...
[Client 22] Submitting public recipe weights for Swarm 0...
[Client 21] Waiting for consensus on swarm 0...
[Client 22] Waiting for consensus on swarm 0...
[Client 20] Submitting public recipe weights for Swarm 0...
[Client 20] Waiting for consensus on swarm 0...

[Client 17] Local training complete. Avg Loss: 0.0545

[Client 19] Local training complete. Avg Loss: 0.0547
[Client 17] Submitting public recipe weights for Swarm 0...
[Client 17] Waiting for consensus on swarm 0...

[Client 16] Local training complete. Avg Loss: 0.0559
[Client 19] Submitting public recipe weights for Swarm 0...
[Client 19] Waiting for consensus on swarm 0...
[Client 16] Submitting public recipe weights for Swarm 0...
[Client 16] Waiting for consensus on swarm 0...

[Client 15] Local training complete. Avg Loss: 0.0558
[Client 15] Submitting public recipe weights for Swarm 0...
[Client 15] Waiting for consensus on swarm 0...

[Client 13] Local training complete. Avg Loss: 0.0564
[Client 13] Submitting public recipe weights for Swarm 0...
[Client 13] Waiting for consensus on swarm 0...

[Client 14] Local training complete. Avg Loss: 0.0536
[Client 14] Submitting public recipe weights for Swarm 0...
[Client 14] Waiting for consensus on swarm 0...

[Client 12] Local training complete. Avg Loss: 0.0556

[Client 9] Local training complete. Avg Loss: 0.0563
[Client 12] Submitting public recipe weights for Swarm 0...
[Client 9] Submitting public recipe weights for Swarm 0...
[Client 12] Waiting for consensus on swarm 0...
[Client 9] Waiting for consensus on swarm 0...

[Client 11] Local training complete. Avg Loss: 0.0557
[Client 11] Submitting public recipe weights for Swarm 0...
[Client 11] Waiting for consensus on swarm 0...

[Client 10] Local training complete. Avg Loss: 0.0563

[Client 8] Local training complete. Avg Loss: 0.0559
[Client 10] Submitting public recipe weights for Swarm 0...
[Client 8] Submitting public recipe weights for Swarm 0...
[Client 10] Waiting for consensus on swarm 0...
[Client 8] Waiting for consensus on swarm 0...

[Client 7] Local training complete. Avg Loss: 0.0549
[Client 7] Submitting public recipe weights for Swarm 0...
[Client 7] Waiting for consensus on swarm 0...

[Client 6] Local training complete. Avg Loss: 0.0564
[Client 6] Submitting public recipe weights for Swarm 0...
[Client 6] Waiting for consensus on swarm 0...

[Client 5] Local training complete. Avg Loss: 0.0563
[Client 5] Submitting public recipe weights for Swarm 0...
[Client 5] Waiting for consensus on swarm 0...

[Client 4] Local training complete. Avg Loss: 0.0555
[Client 4] Submitting public recipe weights for Swarm 0...
[Client 4] Waiting for consensus on swarm 0...

[Client 3] Local training complete. Avg Loss: 0.0558
[Client 3] Submitting public recipe weights for Swarm 0...
[Client 3] Waiting for consensus on swarm 0...

[Client 2] Local training complete. Avg Loss: 0.0562
[Client 2] Submitting public recipe weights for Swarm 0...
[Client 2] Waiting for consensus on swarm 0...

[Client 1] Local training complete. Avg Loss: 0.0568
[Client 1] Submitting public recipe weights for Swarm 0...
[Client 1] Waiting for consensus on swarm 0...
[Client 48] ELECTED LEADER ✅ for Swarm 0! Aggregating weights...
[Client 48] Submitting aggregated global model for Swarm 0...
[Client 50] Global model at Epoch 7 found. Downloading...
   [Client 50] Evaluated Epoch 7 and saved metrics to pod.
[Client 50] Local training... Privacy Flag is INCLUDING vulnerable data.
   [Client 48] Evaluated Epoch 7 and saved metrics to pod.
[Client 48] Local training... Privacy Flag is INCLUDING vulnerable data.
[Client 5] Global model at Epoch 7 found. Downloading...
[Client 7] Global model at Epoch 7 found. Downloading...
[Client 1] Global model at Epoch 7 found. Downloading...
[Client 4] Global model at Epoch 7 found. Downloading...
   [Client 5] Evaluated Epoch 7 and saved metrics to pod.
[Client 5] Local training... Privacy Flag is INCLUDING vulnerable data.
   [Client 7] Evaluated Epoch 7 and saved metrics to pod.
[Client 7] Local training... Privacy Flag is INCLUDING vulnerable data.
   [Client 1] Evaluated Epoch 7 and saved metrics to pod.
   [Client 4] Evaluated Epoch 7 and saved metrics to pod.
[Client 1] Local training... Privacy Flag is INCLUDING vulnerable data.
[Client 4] Local training... Privacy Flag is INCLUDING vulnerable data.
[Client 31] Global model at Epoch 7 found. Downloading...
[Client 44] Global model at Epoch 7 found. Downloading...
[Client 15] Global model at Epoch 7 found. Downloading...
[Client 12] Global model at Epoch 7 found. Downloading...
[Client 40] Global model at Epoch 7 found. Downloading...
   [Client 31] Evaluated Epoch 7 and saved metrics to pod.
[Client 31] Local training... Privacy Flag is INCLUDING vulnerable data.
   [Client 44] Evaluated Epoch 7 and saved metrics to pod.
[Client 44] Local training... Privacy Flag is INCLUDING vulnerable data.
   [Client 15] Evaluated Epoch 7 and saved metrics to pod.
   [Client 12] Evaluated Epoch 7 and saved metrics to pod.
[Client 15] Local training... Privacy Flag is INCLUDING vulnerable data.
   [Client 40] Evaluated Epoch 7 and saved metrics to pod.
[Client 12] Local training... Privacy Flag is INCLUDING vulnerable data.
[Client 40] Local training... Privacy Flag is INCLUDING vulnerable data.
[Client 20] Global model at Epoch 7 found. Downloading...
[Client 45] Global model at Epoch 7 found. Downloading...
[Client 26] Global model at Epoch 7 found. Downloading...
[Client 19] Global model at Epoch 7 found. Downloading...
[Client 33] Global model at Epoch 7 found. Downloading...
[Client 3] Global model at Epoch 7 found. Downloading...
[Client 39] Global model at Epoch 7 found. Downloading...
[Client 27] Global model at Epoch 7 found. Downloading...[Client 46] Global model at Epoch 7 found. Downloading...[Client 23] Global model at Epoch 7 found. Downloading...[Client 41] Global model at Epoch 7 found. Downloading...
[Client 38] Global model at Epoch 7 found. Downloading...
[Client 2] Global model at Epoch 7 found. Downloading...[Client 13] Global model at Epoch 7 found. Downloading...[Client 17] Global model at Epoch 7 found. Downloading...




[Client 42] Global model at Epoch 7 found. Downloading...

[Client 11] Global model at Epoch 7 found. Downloading...
[Client 28] Global model at Epoch 7 found. Downloading...
[Client 8] Global model at Epoch 7 found. Downloading...
[Client 34] Global model at Epoch 7 found. Downloading...[Client 30] Global model at Epoch 7 found. Downloading...
[Client 43] Global model at Epoch 7 found. Downloading...

[Client 9] Global model at Epoch 7 found. Downloading...
[Client 35] Global model at Epoch 7 found. Downloading...
[Client 29] Global model at Epoch 7 found. Downloading...
[Client 16] Global model at Epoch 7 found. Downloading...[Client 24] Global model at Epoch 7 found. Downloading...

[Client 25] Global model at Epoch 7 found. Downloading...[Client 47] Global model at Epoch 7 found. Downloading...
[Client 49] Global model at Epoch 7 found. Downloading...

[Client 32] Global model at Epoch 7 found. Downloading...
[Client 21] Global model at Epoch 7 found. Downloading...
[Client 36] Global model at Epoch 7 found. Downloading...
[Client 37] Global model at Epoch 7 found. Downloading...
[Client 22] Global model at Epoch 7 found. Downloading...
[Client 18] Global model at Epoch 7 found. Downloading...
[Client 10] Global model at Epoch 7 found. Downloading...
[Client 14] Global model at Epoch 7 found. Downloading...
[Client 6] Global model at Epoch 7 found. Downloading...
   [Client 24] Evaluated Epoch 7 and saved metrics to pod.
[Client 24] Local training... Privacy Flag is INCLUDING vulnerable data.
   [Client 46] Evaluated Epoch 7 and saved metrics to pod.
   [Client 34] Evaluated Epoch 7 and saved metrics to pod.
[Client 46] Local training... Privacy Flag is INCLUDING vulnerable data.
[Client 34] Local training... Privacy Flag is INCLUDING vulnerable data.
   [Client 32] Evaluated Epoch 7 and saved metrics to pod.
[Client 32] Local training... Privacy Flag is INCLUDING vulnerable data.
   [Client 35] Evaluated Epoch 7 and saved metrics to pod.
[Client 35] Local training... Privacy Flag is INCLUDING vulnerable data.
   [Client 41] Evaluated Epoch 7 and saved metrics to pod.
   [Client 26] Evaluated Epoch 7 and saved metrics to pod.
   [Client 28] Evaluated Epoch 7 and saved metrics to pod.
   [Client 47] Evaluated Epoch 7 and saved metrics to pod.
[Client 41] Local training... Privacy Flag is INCLUDING vulnerable data.
[Client 26] Local training... Privacy Flag is INCLUDING vulnerable data.[Client 28] Local training... Privacy Flag is INCLUDING vulnerable data.
[Client 47] Local training... Privacy Flag is INCLUDING vulnerable data.

   [Client 17] Evaluated Epoch 7 and saved metrics to pod.
   [Client 13] Evaluated Epoch 7 and saved metrics to pod.
   [Client 33] Evaluated Epoch 7 and saved metrics to pod.
[Client 17] Local training... Privacy Flag is INCLUDING vulnerable data.
   [Client 38] Evaluated Epoch 7 and saved metrics to pod.
[Client 13] Local training... Privacy Flag is INCLUDING vulnerable data.
[Client 33] Local training... Privacy Flag is INCLUDING vulnerable data.
[Client 38] Local training... Privacy Flag is INCLUDING vulnerable data.
   [Client 45] Evaluated Epoch 7 and saved metrics to pod.
   [Client 25] Evaluated Epoch 7 and saved metrics to pod.
   [Client 18] Evaluated Epoch 7 and saved metrics to pod.
   [Client 3] Evaluated Epoch 7 and saved metrics to pod.   [Client 27] Evaluated Epoch 7 and saved metrics to pod.

[Client 18] Local training... Privacy Flag is INCLUDING vulnerable data.
[Client 25] Local training... Privacy Flag is INCLUDING vulnerable data.
[Client 45] Local training... Privacy Flag is INCLUDING vulnerable data.
   [Client 49] Evaluated Epoch 7 and saved metrics to pod.
[Client 27] Local training... Privacy Flag is INCLUDING vulnerable data.
[Client 49] Local training... Privacy Flag is INCLUDING vulnerable data.
   [Client 43] Evaluated Epoch 7 and saved metrics to pod.
[Client 3] Local training... Privacy Flag is INCLUDING vulnerable data.
   [Client 29] Evaluated Epoch 7 and saved metrics to pod.
   [Client 21] Evaluated Epoch 7 and saved metrics to pod.
   [Client 8] Evaluated Epoch 7 and saved metrics to pod.
   [Client 9] Evaluated Epoch 7 and saved metrics to pod.
[Client 43] Local training... Privacy Flag is INCLUDING vulnerable data.
[Client 29] Local training... Privacy Flag is INCLUDING vulnerable data.
[Client 21] Local training... Privacy Flag is INCLUDING vulnerable data.
[Client 8] Local training... Privacy Flag is INCLUDING vulnerable data.
   [Client 23] Evaluated Epoch 7 and saved metrics to pod.
[Client 9] Local training... Privacy Flag is INCLUDING vulnerable data.   [Client 11] Evaluated Epoch 7 and saved metrics to pod.

[Client 23] Local training... Privacy Flag is INCLUDING vulnerable data.
   [Client 2] Evaluated Epoch 7 and saved metrics to pod.
[Client 2] Local training... Privacy Flag is INCLUDING vulnerable data.
[Client 11] Local training... Privacy Flag is INCLUDING vulnerable data.
   [Client 36] Evaluated Epoch 7 and saved metrics to pod.
[Client 36] Local training... Privacy Flag is INCLUDING vulnerable data.
   [Client 19] Evaluated Epoch 7 and saved metrics to pod.
   [Client 14] Evaluated Epoch 7 and saved metrics to pod.
   [Client 42] Evaluated Epoch 7 and saved metrics to pod.
   [Client 39] Evaluated Epoch 7 and saved metrics to pod.
[Client 19] Local training... Privacy Flag is INCLUDING vulnerable data.
[Client 14] Local training... Privacy Flag is INCLUDING vulnerable data.
[Client 39] Local training... Privacy Flag is INCLUDING vulnerable data.
   [Client 30] Evaluated Epoch 7 and saved metrics to pod.
[Client 42] Local training... Privacy Flag is INCLUDING vulnerable data.   [Client 16] Evaluated Epoch 7 and saved metrics to pod.

   [Client 37] Evaluated Epoch 7 and saved metrics to pod.
[Client 16] Local training... Privacy Flag is INCLUDING vulnerable data.
[Client 30] Local training... Privacy Flag is INCLUDING vulnerable data.
   [Client 10] Evaluated Epoch 7 and saved metrics to pod.   [Client 20] Evaluated Epoch 7 and saved metrics to pod.

   [Client 6] Evaluated Epoch 7 and saved metrics to pod.
[Client 10] Local training... Privacy Flag is INCLUDING vulnerable data.
[Client 20] Local training... Privacy Flag is INCLUDING vulnerable data.
[Client 6] Local training... Privacy Flag is INCLUDING vulnerable data.
[Client 37] Local training... Privacy Flag is INCLUDING vulnerable data.
   [Client 22] Evaluated Epoch 7 and saved metrics to pod.
[Client 22] Local training... Privacy Flag is INCLUDING vulnerable data.

[Client 50] Local training complete. Avg Loss: 0.0535
[Client 50] Submitting public recipe weights for Swarm 0...
[Client 50] Waiting for consensus on swarm 0...

[Client 48] Local training complete. Avg Loss: 0.0561
[Client 48] Submitting public recipe weights for Swarm 0...
[Client 48] Waiting for consensus on swarm 0...

[Client 45] Local training complete. Avg Loss: 0.0539
[Client 45] Submitting public recipe weights for Swarm 0...
[Client 45] Waiting for consensus on swarm 0...

[Client 49] Local training complete. Avg Loss: 0.0557
[Client 49] Submitting public recipe weights for Swarm 0...
[Client 49] Waiting for consensus on swarm 0...

[Client 47] Local training complete. Avg Loss: 0.0562

[Client 44] Local training complete. Avg Loss: 0.0542
[Client 47] Submitting public recipe weights for Swarm 0...
[Client 44] Submitting public recipe weights for Swarm 0...

[Client 46] Local training complete. Avg Loss: 0.0557
[Client 47] Waiting for consensus on swarm 0...
[Client 44] Waiting for consensus on swarm 0...

[Client 42] Local training complete. Avg Loss: 0.0548
[Client 46] Submitting public recipe weights for Swarm 0...
[Client 46] Waiting for consensus on swarm 0...

[Client 39] Local training complete. Avg Loss: 0.0562
[Client 42] Submitting public recipe weights for Swarm 0...
[Client 42] Waiting for consensus on swarm 0...

[Client 38] Local training complete. Avg Loss: 0.0526
[Client 39] Submitting public recipe weights for Swarm 0...
[Client 39] Waiting for consensus on swarm 0...
[Client 38] Submitting public recipe weights for Swarm 0...
[Client 38] Waiting for consensus on swarm 0...

[Client 41] Local training complete. Avg Loss: 0.0559

[Client 40] Local training complete. Avg Loss: 0.0554

[Client 43] Local training complete. Avg Loss: 0.0535
[Client 41] Submitting public recipe weights for Swarm 0...
[Client 41] Waiting for consensus on swarm 0...
[Client 40] Submitting public recipe weights for Swarm 0...
[Client 40] Waiting for consensus on swarm 0...
[Client 43] Submitting public recipe weights for Swarm 0...
[Client 43] Waiting for consensus on swarm 0...

[Client 35] Local training complete. Avg Loss: 0.0551
[Client 35] Submitting public recipe weights for Swarm 0...
[Client 35] Waiting for consensus on swarm 0...

[Client 36] Local training complete. Avg Loss: 0.0557

[Client 32] Local training complete. Avg Loss: 0.0544

[Client 33] Local training complete. Avg Loss: 0.0553
[Client 36] Submitting public recipe weights for Swarm 0...
[Client 32] Submitting public recipe weights for Swarm 0...
[Client 36] Waiting for consensus on swarm 0...
[Client 32] Waiting for consensus on swarm 0...
[Client 33] Submitting public recipe weights for Swarm 0...
[Client 33] Waiting for consensus on swarm 0...

[Client 37] Local training complete. Avg Loss: 0.0563

[Client 31] Local training complete. Avg Loss: 0.0553
[Client 37] Submitting public recipe weights for Swarm 0...

[Client 34] Local training complete. Avg Loss: 0.0560
[Client 31] Submitting public recipe weights for Swarm 0...
[Client 37] Waiting for consensus on swarm 0...
[Client 31] Waiting for consensus on swarm 0...

[Client 29] Local training complete. Avg Loss: 0.0552
[Client 34] Submitting public recipe weights for Swarm 0...
[Client 34] Waiting for consensus on swarm 0...
[Client 29] Submitting public recipe weights for Swarm 0...
[Client 29] Waiting for consensus on swarm 0...

[Client 26] Local training complete. Avg Loss: 0.0561
[Client 26] Submitting public recipe weights for Swarm 0...
[Client 26] Waiting for consensus on swarm 0...

[Client 30] Local training complete. Avg Loss: 0.0561
[Client 30] Submitting public recipe weights for Swarm 0...

[Client 27] Local training complete. Avg Loss: 0.0557
[Client 30] Waiting for consensus on swarm 0...
[Client 27] Submitting public recipe weights for Swarm 0...

[Client 28] Local training complete. Avg Loss: 0.0561
[Client 27] Waiting for consensus on swarm 0...

[Client 25] Local training complete. Avg Loss: 0.0558
[Client 28] Submitting public recipe weights for Swarm 0...
[Client 28] Waiting for consensus on swarm 0...
[Client 25] Submitting public recipe weights for Swarm 0...
[Client 25] Waiting for consensus on swarm 0...

[Client 23] Local training complete. Avg Loss: 0.0561

[Client 21] Local training complete. Avg Loss: 0.0553
[Client 23] Submitting public recipe weights for Swarm 0...
[Client 23] Waiting for consensus on swarm 0...

[Client 24] Local training complete. Avg Loss: 0.0552
[Client 21] Submitting public recipe weights for Swarm 0...
[Client 21] Waiting for consensus on swarm 0...

[Client 22] Local training complete. Avg Loss: 0.0545
[Client 24] Submitting public recipe weights for Swarm 0...

[Client 18] Local training complete. Avg Loss: 0.0559
[Client 24] Waiting for consensus on swarm 0...
[Client 22] Submitting public recipe weights for Swarm 0...
[Client 22] Waiting for consensus on swarm 0...
[Client 18] Submitting public recipe weights for Swarm 0...
[Client 18] Waiting for consensus on swarm 0...

[Client 20] Local training complete. Avg Loss: 0.0558

[Client 19] Local training complete. Avg Loss: 0.0547
[Client 20] Submitting public recipe weights for Swarm 0...
[Client 19] Submitting public recipe weights for Swarm 0...
[Client 20] Waiting for consensus on swarm 0...
[Client 19] Waiting for consensus on swarm 0...

[Client 17] Local training complete. Avg Loss: 0.0545

[Client 16] Local training complete. Avg Loss: 0.0560
[Client 17] Submitting public recipe weights for Swarm 0...
[Client 17] Waiting for consensus on swarm 0...
[Client 16] Submitting public recipe weights for Swarm 0...
[Client 16] Waiting for consensus on swarm 0...

[Client 15] Local training complete. Avg Loss: 0.0559
[Client 15] Submitting public recipe weights for Swarm 0...
[Client 15] Waiting for consensus on swarm 0...

[Client 13] Local training complete. Avg Loss: 0.0564
[Client 13] Submitting public recipe weights for Swarm 0...
[Client 13] Waiting for consensus on swarm 0...

[Client 12] Local training complete. Avg Loss: 0.0556
[Client 12] Submitting public recipe weights for Swarm 0...
[Client 12] Waiting for consensus on swarm 0...

[Client 10] Local training complete. Avg Loss: 0.0563

[Client 14] Local training complete. Avg Loss: 0.0536
[Client 14] Submitting public recipe weights for Swarm 0...
[Client 10] Submitting public recipe weights for Swarm 0...
[Client 14] Waiting for consensus on swarm 0...

[Client 11] Local training complete. Avg Loss: 0.0557
[Client 10] Waiting for consensus on swarm 0...
[Client 11] Submitting public recipe weights for Swarm 0...
[Client 11] Waiting for consensus on swarm 0...

[Client 9] Local training complete. Avg Loss: 0.0561
[Client 9] Submitting public recipe weights for Swarm 0...
[Client 9] Waiting for consensus on swarm 0...

[Client 7] Local training complete. Avg Loss: 0.0549

[Client 8] Local training complete. Avg Loss: 0.0560
[Client 7] Submitting public recipe weights for Swarm 0...
[Client 7] Waiting for consensus on swarm 0...
[Client 8] Submitting public recipe weights for Swarm 0...
[Client 8] Waiting for consensus on swarm 0...

[Client 6] Local training complete. Avg Loss: 0.0564
[Client 6] Submitting public recipe weights for Swarm 0...
[Client 6] Waiting for consensus on swarm 0...

[Client 4] Local training complete. Avg Loss: 0.0556

[Client 5] Local training complete. Avg Loss: 0.0564
[Client 4] Submitting public recipe weights for Swarm 0...
[Client 5] Submitting public recipe weights for Swarm 0...
[Client 4] Waiting for consensus on swarm 0...
[Client 5] Waiting for consensus on swarm 0...

[Client 3] Local training complete. Avg Loss: 0.0558
[Client 3] Submitting public recipe weights for Swarm 0...
[Client 3] Waiting for consensus on swarm 0...

[Client 2] Local training complete. Avg Loss: 0.0561
[Client 2] Submitting public recipe weights for Swarm 0...
[Client 2] Waiting for consensus on swarm 0...

[Client 1] Local training complete. Avg Loss: 0.0568
[Client 1] Submitting public recipe weights for Swarm 0...
[Client 1] Waiting for consensus on swarm 0...
[Client 39] ELECTED LEADER ✅ for Swarm 0! Aggregating weights...
[Client 39] Submitting aggregated global model for Swarm 0...
[Client 15] Global model at Epoch 8 found. Downloading...
[Client 41] Global model at Epoch 8 found. Downloading...
[Client 50] Global model at Epoch 8 found. Downloading...
[Client 14] Global model at Epoch 8 found. Downloading...
[Client 22] Global model at Epoch 8 found. Downloading...
[Client 47] Global model at Epoch 8 found. Downloading...
[Client 13] Global model at Epoch 8 found. Downloading...
[Client 10] Global model at Epoch 8 found. Downloading...
[Client 11] Global model at Epoch 8 found. Downloading...
[Client 37] Global model at Epoch 8 found. Downloading...
[Client 46] Global model at Epoch 8 found. Downloading...
[Client 16] Global model at Epoch 8 found. Downloading...
[Client 45] Global model at Epoch 8 found. Downloading...
[Client 9] Global model at Epoch 8 found. Downloading...
   [Client 15] Evaluated Epoch 8 and saved metrics to pod.
   [Client 50] Evaluated Epoch 8 and saved metrics to pod.
   [Client 39] Evaluated Epoch 8 and saved metrics to pod.
[Client 15] Local training... Privacy Flag is INCLUDING vulnerable data.
[Client 50] Local training... Privacy Flag is INCLUDING vulnerable data.[Client 39] Local training... Privacy Flag is INCLUDING vulnerable data.

   [Client 41] Evaluated Epoch 8 and saved metrics to pod.
   [Client 10] Evaluated Epoch 8 and saved metrics to pod.
[Client 41] Local training... Privacy Flag is INCLUDING vulnerable data.
   [Client 14] Evaluated Epoch 8 and saved metrics to pod.
[Client 10] Local training... Privacy Flag is INCLUDING vulnerable data.
   [Client 22] Evaluated Epoch 8 and saved metrics to pod.
[Client 14] Local training... Privacy Flag is INCLUDING vulnerable data.
[Client 22] Local training... Privacy Flag is INCLUDING vulnerable data.
   [Client 13] Evaluated Epoch 8 and saved metrics to pod.
[Client 13] Local training... Privacy Flag is INCLUDING vulnerable data.
   [Client 47] Evaluated Epoch 8 and saved metrics to pod.
   [Client 46] Evaluated Epoch 8 and saved metrics to pod.
[Client 47] Local training... Privacy Flag is INCLUDING vulnerable data.
   [Client 11] Evaluated Epoch 8 and saved metrics to pod.   [Client 16] Evaluated Epoch 8 and saved metrics to pod.

[Client 46] Local training... Privacy Flag is INCLUDING vulnerable data.
[Client 16] Local training... Privacy Flag is INCLUDING vulnerable data.
   [Client 45] Evaluated Epoch 8 and saved metrics to pod.
[Client 11] Local training... Privacy Flag is INCLUDING vulnerable data.
[Client 45] Local training... Privacy Flag is INCLUDING vulnerable data.
   [Client 37] Evaluated Epoch 8 and saved metrics to pod.
[Client 37] Local training... Privacy Flag is INCLUDING vulnerable data.
   [Client 9] Evaluated Epoch 8 and saved metrics to pod.
[Client 9] Local training... Privacy Flag is INCLUDING vulnerable data.
[Client 1] Global model at Epoch 8 found. Downloading...
[Client 42] Global model at Epoch 8 found. Downloading...
[Client 43] Global model at Epoch 8 found. Downloading...
[Client 3] Global model at Epoch 8 found. Downloading...
[Client 31] Global model at Epoch 8 found. Downloading...
   [Client 1] Evaluated Epoch 8 and saved metrics to pod.
[Client 1] Local training... Privacy Flag is INCLUDING vulnerable data.
   [Client 3] Evaluated Epoch 8 and saved metrics to pod.
[Client 3] Local training... Privacy Flag is INCLUDING vulnerable data.
[Client 25] Global model at Epoch 8 found. Downloading...
[Client 38] Global model at Epoch 8 found. Downloading...
[Client 28] Global model at Epoch 8 found. Downloading...[Client 7] Global model at Epoch 8 found. Downloading...
[Client 27] Global model at Epoch 8 found. Downloading...

[Client 49] Global model at Epoch 8 found. Downloading...
[Client 23] Global model at Epoch 8 found. Downloading...
[Client 20] Global model at Epoch 8 found. Downloading...
[Client 8] Global model at Epoch 8 found. Downloading...
[Client 26] Global model at Epoch 8 found. Downloading...
[Client 5] Global model at Epoch 8 found. Downloading...
[Client 32] Global model at Epoch 8 found. Downloading...
[Client 18] Global model at Epoch 8 found. Downloading...
   [Client 42] Evaluated Epoch 8 and saved metrics to pod.
[Client 34] Global model at Epoch 8 found. Downloading...
[Client 29] Global model at Epoch 8 found. Downloading...[Client 19] Global model at Epoch 8 found. Downloading...

[Client 12] Global model at Epoch 8 found. Downloading...
[Client 42] Local training... Privacy Flag is INCLUDING vulnerable data.
[Client 33] Global model at Epoch 8 found. Downloading...
[Client 36] Global model at Epoch 8 found. Downloading...
[Client 4] Global model at Epoch 8 found. Downloading...
[Client 2] Global model at Epoch 8 found. Downloading...
[Client 40] Global model at Epoch 8 found. Downloading...
[Client 21] Global model at Epoch 8 found. Downloading...
[Client 24] Global model at Epoch 8 found. Downloading...
[Client 6] Global model at Epoch 8 found. Downloading...
[Client 44] Global model at Epoch 8 found. Downloading...
[Client 30] Global model at Epoch 8 found. Downloading...
[Client 17] Global model at Epoch 8 found. Downloading...
[Client 48] Global model at Epoch 8 found. Downloading...
[Client 35] Global model at Epoch 8 found. Downloading...
   [Client 43] Evaluated Epoch 8 and saved metrics to pod.
[Client 43] Local training... Privacy Flag is INCLUDING vulnerable data.
   [Client 31] Evaluated Epoch 8 and saved metrics to pod.
   [Client 33] Evaluated Epoch 8 and saved metrics to pod.
[Client 31] Local training... Privacy Flag is INCLUDING vulnerable data.
[Client 33] Local training... Privacy Flag is INCLUDING vulnerable data.
   [Client 35] Evaluated Epoch 8 and saved metrics to pod.
   [Client 28] Evaluated Epoch 8 and saved metrics to pod.
   [Client 2] Evaluated Epoch 8 and saved metrics to pod.
[Client 2] Local training... Privacy Flag is INCLUDING vulnerable data.
[Client 35] Local training... Privacy Flag is INCLUDING vulnerable data.
[Client 28] Local training... Privacy Flag is INCLUDING vulnerable data.
   [Client 25] Evaluated Epoch 8 and saved metrics to pod.
   [Client 30] Evaluated Epoch 8 and saved metrics to pod.
[Client 25] Local training... Privacy Flag is INCLUDING vulnerable data.
[Client 30] Local training... Privacy Flag is INCLUDING vulnerable data.
   [Client 49] Evaluated Epoch 8 and saved metrics to pod.
   [Client 34] Evaluated Epoch 8 and saved metrics to pod.
[Client 34] Local training... Privacy Flag is INCLUDING vulnerable data.
[Client 49] Local training... Privacy Flag is INCLUDING vulnerable data.
   [Client 36] Evaluated Epoch 8 and saved metrics to pod.
   [Client 4] Evaluated Epoch 8 and saved metrics to pod.
[Client 36] Local training... Privacy Flag is INCLUDING vulnerable data.
   [Client 44] Evaluated Epoch 8 and saved metrics to pod.
   [Client 21] Evaluated Epoch 8 and saved metrics to pod.
[Client 4] Local training... Privacy Flag is INCLUDING vulnerable data.
   [Client 24] Evaluated Epoch 8 and saved metrics to pod.
   [Client 17] Evaluated Epoch 8 and saved metrics to pod.
   [Client 6] Evaluated Epoch 8 and saved metrics to pod.
[Client 44] Local training... Privacy Flag is INCLUDING vulnerable data.
[Client 6] Local training... Privacy Flag is INCLUDING vulnerable data.
[Client 24] Local training... Privacy Flag is INCLUDING vulnerable data.
[Client 21] Local training... Privacy Flag is INCLUDING vulnerable data.
[Client 17] Local training... Privacy Flag is INCLUDING vulnerable data.
   [Client 19] Evaluated Epoch 8 and saved metrics to pod.
[Client 19] Local training... Privacy Flag is INCLUDING vulnerable data.
   [Client 32] Evaluated Epoch 8 and saved metrics to pod.
   [Client 26] Evaluated Epoch 8 and saved metrics to pod.
   [Client 23] Evaluated Epoch 8 and saved metrics to pod.
   [Client 38] Evaluated Epoch 8 and saved metrics to pod.
[Client 38] Local training... Privacy Flag is INCLUDING vulnerable data.
[Client 26] Local training... Privacy Flag is INCLUDING vulnerable data.
[Client 32] Local training... Privacy Flag is INCLUDING vulnerable data.
[Client 23] Local training... Privacy Flag is INCLUDING vulnerable data.
   [Client 7] Evaluated Epoch 8 and saved metrics to pod.
   [Client 40] Evaluated Epoch 8 and saved metrics to pod.
[Client 7] Local training... Privacy Flag is INCLUDING vulnerable data.
   [Client 48] Evaluated Epoch 8 and saved metrics to pod.
   [Client 20] Evaluated Epoch 8 and saved metrics to pod.
   [Client 12] Evaluated Epoch 8 and saved metrics to pod.
[Client 40] Local training... Privacy Flag is INCLUDING vulnerable data.
[Client 20] Local training... Privacy Flag is INCLUDING vulnerable data.
[Client 12] Local training... Privacy Flag is INCLUDING vulnerable data.
[Client 48] Local training... Privacy Flag is INCLUDING vulnerable data.
   [Client 8] Evaluated Epoch 8 and saved metrics to pod.
   [Client 27] Evaluated Epoch 8 and saved metrics to pod.   [Client 5] Evaluated Epoch 8 and saved metrics to pod.

   [Client 18] Evaluated Epoch 8 and saved metrics to pod.
[Client 27] Local training... Privacy Flag is INCLUDING vulnerable data.
[Client 5] Local training... Privacy Flag is INCLUDING vulnerable data.
[Client 8] Local training... Privacy Flag is INCLUDING vulnerable data.
   [Client 29] Evaluated Epoch 8 and saved metrics to pod.
[Client 18] Local training... Privacy Flag is INCLUDING vulnerable data.
[Client 29] Local training... Privacy Flag is INCLUDING vulnerable data.

[Client 50] Local training complete. Avg Loss: 0.0535
[Client 50] Submitting public recipe weights for Swarm 0...
[Client 50] Waiting for consensus on swarm 0...

[Client 48] Local training complete. Avg Loss: 0.0560
[Client 48] Submitting public recipe weights for Swarm 0...
[Client 48] Waiting for consensus on swarm 0...

[Client 49] Local training complete. Avg Loss: 0.0556

[Client 45] Local training complete. Avg Loss: 0.0540
[Client 49] Submitting public recipe weights for Swarm 0...
[Client 49] Waiting for consensus on swarm 0...

[Client 46] Local training complete. Avg Loss: 0.0561
[Client 45] Submitting public recipe weights for Swarm 0...
[Client 45] Waiting for consensus on swarm 0...
[Client 46] Submitting public recipe weights for Swarm 0...
[Client 46] Waiting for consensus on swarm 0...

[Client 44] Local training complete. Avg Loss: 0.0541
[Client 44] Submitting public recipe weights for Swarm 0...
[Client 44] Waiting for consensus on swarm 0...

[Client 41] Local training complete. Avg Loss: 0.0559

[Client 47] Local training complete. Avg Loss: 0.0562
[Client 41] Submitting public recipe weights for Swarm 0...
[Client 47] Submitting public recipe weights for Swarm 0...
[Client 41] Waiting for consensus on swarm 0...
[Client 47] Waiting for consensus on swarm 0...

[Client 34] Local training complete. Avg Loss: 0.0561

[Client 42] Local training complete. Avg Loss: 0.0549

[Client 36] Local training complete. Avg Loss: 0.0558

[Client 39] Local training complete. Avg Loss: 0.0563
[Client 42] Submitting public recipe weights for Swarm 0...
[Client 42] Waiting for consensus on swarm 0...
[Client 34] Submitting public recipe weights for Swarm 0...

[Client 32] Local training complete. Avg Loss: 0.0546
[Client 34] Waiting for consensus on swarm 0...
[Client 36] Submitting public recipe weights for Swarm 0...

[Client 40] Local training complete. Avg Loss: 0.0555
[Client 36] Waiting for consensus on swarm 0...
[Client 39] Submitting public recipe weights for Swarm 0...
[Client 39] Waiting for consensus on swarm 0...

[Client 35] Local training complete. Avg Loss: 0.0553
[Client 40] Submitting public recipe weights for Swarm 0...
[Client 40] Waiting for consensus on swarm 0...
[Client 32] Submitting public recipe weights for Swarm 0...
[Client 32] Waiting for consensus on swarm 0...

[Client 43] Local training complete. Avg Loss: 0.0534
[Client 35] Submitting public recipe weights for Swarm 0...
[Client 35] Waiting for consensus on swarm 0...

[Client 33] Local training complete. Avg Loss: 0.0553
[Client 43] Submitting public recipe weights for Swarm 0...
[Client 43] Waiting for consensus on swarm 0...
[Client 33] Submitting public recipe weights for Swarm 0...
[Client 33] Waiting for consensus on swarm 0...

[Client 38] Local training complete. Avg Loss: 0.0527

[Client 37] Local training complete. Avg Loss: 0.0567
[Client 38] Submitting public recipe weights for Swarm 0...
[Client 38] Waiting for consensus on swarm 0...
[Client 37] Submitting public recipe weights for Swarm 0...
[Client 37] Waiting for consensus on swarm 0...

[Client 29] Local training complete. Avg Loss: 0.0552

[Client 31] Local training complete. Avg Loss: 0.0554

[Client 26] Local training complete. Avg Loss: 0.0562
[Client 29] Submitting public recipe weights for Swarm 0...
[Client 29] Waiting for consensus on swarm 0...
[Client 31] Submitting public recipe weights for Swarm 0...
[Client 26] Submitting public recipe weights for Swarm 0...
[Client 31] Waiting for consensus on swarm 0...
[Client 26] Waiting for consensus on swarm 0...

[Client 30] Local training complete. Avg Loss: 0.0560
[Client 30] Submitting public recipe weights for Swarm 0...
[Client 30] Waiting for consensus on swarm 0...

[Client 27] Local training complete. Avg Loss: 0.0556
[Client 27] Submitting public recipe weights for Swarm 0...
[Client 27] Waiting for consensus on swarm 0...

[Client 28] Local training complete. Avg Loss: 0.0560
[Client 28] Submitting public recipe weights for Swarm 0...
[Client 28] Waiting for consensus on swarm 0...

[Client 23] Local training complete. Avg Loss: 0.0562

[Client 22] Local training complete. Avg Loss: 0.0547
[Client 23] Submitting public recipe weights for Swarm 0...
[Client 23] Waiting for consensus on swarm 0...

[Client 24] Local training complete. Avg Loss: 0.0554

[Client 25] Local training complete. Avg Loss: 0.0557
[Client 22] Submitting public recipe weights for Swarm 0...
[Client 24] Submitting public recipe weights for Swarm 0...
[Client 22] Waiting for consensus on swarm 0...

[Client 21] Local training complete. Avg Loss: 0.0554
[Client 25] Submitting public recipe weights for Swarm 0...
[Client 24] Waiting for consensus on swarm 0...
[Client 25] Waiting for consensus on swarm 0...
[Client 21] Submitting public recipe weights for Swarm 0...
[Client 21] Waiting for consensus on swarm 0...

[Client 20] Local training complete. Avg Loss: 0.0560

[Client 19] Local training complete. Avg Loss: 0.0548
[Client 20] Submitting public recipe weights for Swarm 0...
[Client 20] Waiting for consensus on swarm 0...

[Client 15] Local training complete. Avg Loss: 0.0561
[Client 19] Submitting public recipe weights for Swarm 0...
[Client 19] Waiting for consensus on swarm 0...
[Client 15] Submitting public recipe weights for Swarm 0...
[Client 15] Waiting for consensus on swarm 0...

[Client 17] Local training complete. Avg Loss: 0.0545

[Client 18] Local training complete. Avg Loss: 0.0559
[Client 17] Submitting public recipe weights for Swarm 0...
[Client 17] Waiting for consensus on swarm 0...

[Client 16] Local training complete. Avg Loss: 0.0560
[Client 18] Submitting public recipe weights for Swarm 0...
[Client 18] Waiting for consensus on swarm 0...
[Client 16] Submitting public recipe weights for Swarm 0...
[Client 16] Waiting for consensus on swarm 0...

[Client 13] Local training complete. Avg Loss: 0.0563

[Client 14] Local training complete. Avg Loss: 0.0536
[Client 14] Submitting public recipe weights for Swarm 0...
[Client 13] Submitting public recipe weights for Swarm 0...
[Client 14] Waiting for consensus on swarm 0...
[Client 13] Waiting for consensus on swarm 0...

[Client 12] Local training complete. Avg Loss: 0.0557
[Client 12] Submitting public recipe weights for Swarm 0...
[Client 12] Waiting for consensus on swarm 0...

[Client 10] Local training complete. Avg Loss: 0.0563
[Client 10] Submitting public recipe weights for Swarm 0...
[Client 10] Waiting for consensus on swarm 0...

[Client 11] Local training complete. Avg Loss: 0.0557

[Client 9] Local training complete. Avg Loss: 0.0563

[Client 7] Local training complete. Avg Loss: 0.0549
[Client 11] Submitting public recipe weights for Swarm 0...
[Client 11] Waiting for consensus on swarm 0...
[Client 7] Submitting public recipe weights for Swarm 0...
[Client 9] Submitting public recipe weights for Swarm 0...
[Client 9] Waiting for consensus on swarm 0...
[Client 7] Waiting for consensus on swarm 0...

[Client 6] Local training complete. Avg Loss: 0.0565
[Client 6] Submitting public recipe weights for Swarm 0...
[Client 6] Waiting for consensus on swarm 0...

[Client 8] Local training complete. Avg Loss: 0.0560
[Client 8] Submitting public recipe weights for Swarm 0...
[Client 8] Waiting for consensus on swarm 0...

[Client 5] Local training complete. Avg Loss: 0.0564
[Client 5] Submitting public recipe weights for Swarm 0...
[Client 5] Waiting for consensus on swarm 0...

[Client 4] Local training complete. Avg Loss: 0.0556
[Client 4] Submitting public recipe weights for Swarm 0...
[Client 4] Waiting for consensus on swarm 0...

[Client 3] Local training complete. Avg Loss: 0.0561
[Client 3] Submitting public recipe weights for Swarm 0...
[Client 3] Waiting for consensus on swarm 0...

[Client 2] Local training complete. Avg Loss: 0.0563
[Client 2] Submitting public recipe weights for Swarm 0...
[Client 2] Waiting for consensus on swarm 0...

[Client 1] Local training complete. Avg Loss: 0.0568
[Client 1] Submitting public recipe weights for Swarm 0...
[Client 1] Waiting for consensus on swarm 0...
[Client 34] ELECTED LEADER ✅ for Swarm 0! Aggregating weights...
[Client 34] Submitting aggregated global model for Swarm 0...
   [Client 34] Evaluated Epoch 9 and saved metrics to pod.
[Client 35] Global model at Epoch 9 found. Downloading...
[Client 45] Global model at Epoch 9 found. Downloading...
[Client 15] Global model at Epoch 9 found. Downloading...
[Client 47] Global model at Epoch 9 found. Downloading...
[Client 31] Global model at Epoch 9 found. Downloading...
[Client 11] Global model at Epoch 9 found. Downloading...
[Client 36] Global model at Epoch 9 found. Downloading...
[Client 4] Global model at Epoch 9 found. Downloading...
[Client 23] Global model at Epoch 9 found. Downloading...
[Client 29] Global model at Epoch 9 found. Downloading...
[Client 19] Global model at Epoch 9 found. Downloading...
[Client 17] Global model at Epoch 9 found. Downloading...
[Client 18] Global model at Epoch 9 found. Downloading...
[Client 46] Global model at Epoch 9 found. Downloading...
[Client 14] Global model at Epoch 9 found. Downloading...
[Client 42] Global model at Epoch 9 found. Downloading...
[Client 25] Global model at Epoch 9 found. Downloading...
   [Client 45] Evaluated Epoch 9 and saved metrics to pod.
[Client 50] Global model at Epoch 9 found. Downloading...
[Client 32] Global model at Epoch 9 found. Downloading...
[Client 30] Global model at Epoch 9 found. Downloading...   [Client 35] Evaluated Epoch 9 and saved metrics to pod.[Client 1] Global model at Epoch 9 found. Downloading...

   [Client 11] Evaluated Epoch 9 and saved metrics to pod.[Client 44] Global model at Epoch 9 found. Downloading...
[Client 43] Global model at Epoch 9 found. Downloading...
[Client 2] Global model at Epoch 9 found. Downloading...
[Client 9] Global model at Epoch 9 found. Downloading...

[Client 26] Global model at Epoch 9 found. Downloading...
[Client 27] Global model at Epoch 9 found. Downloading...
[Client 6] Global model at Epoch 9 found. Downloading...

   [Client 34] Running Final Top-10 Ranking Evaluation...
[Client 3] Global model at Epoch 9 found. Downloading...
[Client 33] Global model at Epoch 9 found. Downloading...[Client 5] Global model at Epoch 9 found. Downloading...

[Client 7] Global model at Epoch 9 found. Downloading...
[Client 40] Global model at Epoch 9 found. Downloading...[Client 21] Global model at Epoch 9 found. Downloading...
[Client 12] Global model at Epoch 9 found. Downloading...

[Client 10] Global model at Epoch 9 found. Downloading...[Client 39] Global model at Epoch 9 found. Downloading...

[Client 28] Global model at Epoch 9 found. Downloading...
[Client 37] Global model at Epoch 9 found. Downloading...[Client 24] Global model at Epoch 9 found. Downloading...

[Client 49] Global model at Epoch 9 found. Downloading...[Client 22] Global model at Epoch 9 found. Downloading...

[Client 38] Global model at Epoch 9 found. Downloading...[Client 8] Global model at Epoch 9 found. Downloading...

   [Client 4] Evaluated Epoch 9 and saved metrics to pod.
   [Client 17] Evaluated Epoch 9 and saved metrics to pod.
   [Client 29] Evaluated Epoch 9 and saved metrics to pod.
   [Client 23] Evaluated Epoch 9 and saved metrics to pod.
   [Client 36] Evaluated Epoch 9 and saved metrics to pod.
   [Client 50] Evaluated Epoch 9 and saved metrics to pod.
   [Client 18] Evaluated Epoch 9 and saved metrics to pod.
   [Client 31] Evaluated Epoch 9 and saved metrics to pod.
   [Client 15] Evaluated Epoch 9 and saved metrics to pod.
   [Client 19] Evaluated Epoch 9 and saved metrics to pod.
   [Client 25] Evaluated Epoch 9 and saved metrics to pod.
   [Client 47] Evaluated Epoch 9 and saved metrics to pod.
   [Client 14] Evaluated Epoch 9 and saved metrics to pod.
   [Client 46] Evaluated Epoch 9 and saved metrics to pod.
   [Client 42] Evaluated Epoch 9 and saved metrics to pod.
[Client 13] Global model at Epoch 9 found. Downloading...
[Client 20] Global model at Epoch 9 found. Downloading...
[Client 41] Global model at Epoch 9 found. Downloading...
[Client 16] Global model at Epoch 9 found. Downloading...
[Client 48] Global model at Epoch 9 found. Downloading...
   [Client 43] Evaluated Epoch 9 and saved metrics to pod.
   [Client 45] Running Final Top-10 Ranking Evaluation...
   [Client 7] Evaluated Epoch 9 and saved metrics to pod.
   [Client 6] Evaluated Epoch 9 and saved metrics to pod.
   [Client 21] Evaluated Epoch 9 and saved metrics to pod.
   [Client 9] Evaluated Epoch 9 and saved metrics to pod.
   [Client 22] Evaluated Epoch 9 and saved metrics to pod.
   [Client 44] Evaluated Epoch 9 and saved metrics to pod.
   [Client 39] Evaluated Epoch 9 and saved metrics to pod.
   [Client 32] Evaluated Epoch 9 and saved metrics to pod.
   [Client 38] Evaluated Epoch 9 and saved metrics to pod.
   [Client 28] Evaluated Epoch 9 and saved metrics to pod.
   [Client 1] Evaluated Epoch 9 and saved metrics to pod.
   [Client 27] Evaluated Epoch 9 and saved metrics to pod.
   [Client 8] Evaluated Epoch 9 and saved metrics to pod.
   [Client 26] Evaluated Epoch 9 and saved metrics to pod.
   [Client 49] Evaluated Epoch 9 and saved metrics to pod.
   [Client 3] Evaluated Epoch 9 and saved metrics to pod.
   [Client 5] Evaluated Epoch 9 and saved metrics to pod.
   [Client 30] Evaluated Epoch 9 and saved metrics to pod.
   [Client 33] Evaluated Epoch 9 and saved metrics to pod.   [Client 2] Evaluated Epoch 9 and saved metrics to pod.

   [Client 46] Running Final Top-10 Ranking Evaluation...
   [Client 10] Evaluated Epoch 9 and saved metrics to pod.
   [Client 37] Evaluated Epoch 9 and saved metrics to pod.
   [Client 40] Evaluated Epoch 9 and saved metrics to pod.
   [Client 24] Evaluated Epoch 9 and saved metrics to pod.
   [Client 13] Evaluated Epoch 9 and saved metrics to pod.
   [Client 12] Evaluated Epoch 9 and saved metrics to pod.
   [Client 48] Evaluated Epoch 9 and saved metrics to pod.
   [Client 20] Evaluated Epoch 9 and saved metrics to pod.
   [Client 41] Evaluated Epoch 9 and saved metrics to pod.
   [Client 16] Evaluated Epoch 9 and saved metrics to pod.
   [Client 45] Final ranking metrics saved.
🎉 [Client 45] Finished all 10 epochs successfully! Saved private local model.
   [Client 34] Final ranking metrics saved.
🎉 [Client 34] Finished all 10 epochs successfully! Saved private local model.
   [Client 46] Final ranking metrics saved.
🎉 [Client 46] Finished all 10 epochs successfully! Saved private local model.
   [Client 4] Running Final Top-10 Ranking Evaluation...
   [Client 4] Final ranking metrics saved.
🎉 [Client 4] Finished all 10 epochs successfully! Saved private local model.
   [Client 18] Running Final Top-10 Ranking Evaluation...
   [Client 15] Running Final Top-10 Ranking Evaluation...
   [Client 29] Running Final Top-10 Ranking Evaluation...
   [Client 35] Running Final Top-10 Ranking Evaluation...
   [Client 50] Running Final Top-10 Ranking Evaluation...
   [Client 31] Running Final Top-10 Ranking Evaluation...
   [Client 19] Running Final Top-10 Ranking Evaluation...
   [Client 23] Running Final Top-10 Ranking Evaluation...
   [Client 36] Running Final Top-10 Ranking Evaluation...
   [Client 47] Running Final Top-10 Ranking Evaluation...
   [Client 43] Running Final Top-10 Ranking Evaluation...   [Client 14] Running Final Top-10 Ranking Evaluation...   [Client 17] Running Final Top-10 Ranking Evaluation...
   [Client 44] Running Final Top-10 Ranking Evaluation...
   [Client 6] Running Final Top-10 Ranking Evaluation...   [Client 21] Running Final Top-10 Ranking Evaluation...
   [Client 25] Running Final Top-10 Ranking Evaluation...
   [Client 11] Running Final Top-10 Ranking Evaluation...



   [Client 26] Running Final Top-10 Ranking Evaluation...   [Client 7] Running Final Top-10 Ranking Evaluation...

   [Client 42] Running Final Top-10 Ranking Evaluation...   [Client 9] Running Final Top-10 Ranking Evaluation...

   [Client 39] Running Final Top-10 Ranking Evaluation...
   [Client 22] Running Final Top-10 Ranking Evaluation...
   [Client 18] Final ranking metrics saved.   [Client 32] Running Final Top-10 Ranking Evaluation...   [Client 15] Final ranking metrics saved.


🎉 [Client 15] Finished all 10 epochs successfully! Saved private local model.
🎉 [Client 18] Finished all 10 epochs successfully! Saved private local model.
   [Client 27] Running Final Top-10 Ranking Evaluation...
   [Client 35] Final ranking metrics saved.
🎉 [Client 35] Finished all 10 epochs successfully! Saved private local model.
   [Client 1] Running Final Top-10 Ranking Evaluation...
   [Client 28] Running Final Top-10 Ranking Evaluation...
   [Client 38] Running Final Top-10 Ranking Evaluation...
   [Client 3] Running Final Top-10 Ranking Evaluation...   [Client 5] Running Final Top-10 Ranking Evaluation...   [Client 8] Running Final Top-10 Ranking Evaluation...   [Client 49] Running Final Top-10 Ranking Evaluation...
   [Client 37] Running Final Top-10 Ranking Evaluation...

   [Client 2] Running Final Top-10 Ranking Evaluation...   [Client 30] Running Final Top-10 Ranking Evaluation...   [Client 40] Running Final Top-10 Ranking Evaluation...

   [Client 33] Running Final Top-10 Ranking Evaluation...   [Client 24] Running Final Top-10 Ranking Evaluation...
   [Client 10] Running Final Top-10 Ranking Evaluation...   [Client 13] Running Final Top-10 Ranking Evaluation...
   [Client 48] Running Final Top-10 Ranking Evaluation...
   [Client 12] Running Final Top-10 Ranking Evaluation...   [Client 20] Running Final Top-10 Ranking Evaluation...

   [Client 16] Running Final Top-10 Ranking Evaluation...

   [Client 29] Final ranking metrics saved.   [Client 41] Running Final Top-10 Ranking Evaluation...





🎉 [Client 29] Finished all 10 epochs successfully! Saved private local model.
   [Client 50] Final ranking metrics saved.
🎉 [Client 50] Finished all 10 epochs successfully! Saved private local model.
   [Client 36] Final ranking metrics saved.
🎉 [Client 36] Finished all 10 epochs successfully! Saved private local model.
   [Client 47] Final ranking metrics saved.
🎉 [Client 47] Finished all 10 epochs successfully! Saved private local model.
   [Client 31] Final ranking metrics saved.
🎉 [Client 31] Finished all 10 epochs successfully! Saved private local model.
   [Client 43] Final ranking metrics saved.
🎉 [Client 43] Finished all 10 epochs successfully! Saved private local model.
   [Client 42] Final ranking metrics saved.
🎉 [Client 42] Finished all 10 epochs successfully! Saved private local model.
   [Client 39] Final ranking metrics saved.
🎉 [Client 39] Finished all 10 epochs successfully! Saved private local model.
   [Client 44] Final ranking metrics saved.
🎉 [Client 44] Finished all 10 epochs successfully! Saved private local model.
   [Client 19] Final ranking metrics saved.
🎉 [Client 19] Finished all 10 epochs successfully! Saved private local model.
   [Client 38] Final ranking metrics saved.
🎉 [Client 38] Finished all 10 epochs successfully! Saved private local model.
   [Client 32] Final ranking metrics saved.
🎉 [Client 32] Finished all 10 epochs successfully! Saved private local model.
   [Client 23] Final ranking metrics saved.
🎉 [Client 23] Finished all 10 epochs successfully! Saved private local model.
   [Client 49] Final ranking metrics saved.
🎉 [Client 49] Finished all 10 epochs successfully! Saved private local model.
   [Client 48] Final ranking metrics saved.
🎉 [Client 48] Finished all 10 epochs successfully! Saved private local model.
   [Client 25] Final ranking metrics saved.
🎉 [Client 25] Finished all 10 epochs successfully! Saved private local model.
   [Client 27] Final ranking metrics saved.
🎉 [Client 27] Finished all 10 epochs successfully! Saved private local model.
   [Client 30] Final ranking metrics saved.
🎉 [Client 30] Finished all 10 epochs successfully! Saved private local model.
   [Client 41] Final ranking metrics saved.
🎉 [Client 41] Finished all 10 epochs successfully! Saved private local model.
   [Client 33] Final ranking metrics saved.
🎉 [Client 33] Finished all 10 epochs successfully! Saved private local model.
   [Client 26] Final ranking metrics saved.
🎉 [Client 26] Finished all 10 epochs successfully! Saved private local model.
   [Client 40] Final ranking metrics saved.
🎉 [Client 40] Finished all 10 epochs successfully! Saved private local model.
   [Client 17] Final ranking metrics saved.
🎉 [Client 17] Finished all 10 epochs successfully! Saved private local model.
   [Client 14] Final ranking metrics saved.
🎉 [Client 14] Finished all 10 epochs successfully! Saved private local model.
   [Client 22] Final ranking metrics saved.
🎉 [Client 22] Finished all 10 epochs successfully! Saved private local model.
   [Client 21] Final ranking metrics saved.
🎉 [Client 21] Finished all 10 epochs successfully! Saved private local model.
   [Client 37] Final ranking metrics saved.
🎉 [Client 37] Finished all 10 epochs successfully! Saved private local model.
   [Client 28] Final ranking metrics saved.
🎉 [Client 28] Finished all 10 epochs successfully! Saved private local model.
   [Client 24] Final ranking metrics saved.
🎉 [Client 24] Finished all 10 epochs successfully! Saved private local model.
   [Client 13] Final ranking metrics saved.
🎉 [Client 13] Finished all 10 epochs successfully! Saved private local model.
   [Client 11] Final ranking metrics saved.
🎉 [Client 11] Finished all 10 epochs successfully! Saved private local model.
   [Client 16] Final ranking metrics saved.
🎉 [Client 16] Finished all 10 epochs successfully! Saved private local model.
   [Client 7] Final ranking metrics saved.
🎉 [Client 7] Finished all 10 epochs successfully! Saved private local model.
   [Client 10] Final ranking metrics saved.
🎉 [Client 10] Finished all 10 epochs successfully! Saved private local model.
   [Client 20] Final ranking metrics saved.
🎉 [Client 20] Finished all 10 epochs successfully! Saved private local model.
   [Client 12] Final ranking metrics saved.
🎉 [Client 12] Finished all 10 epochs successfully! Saved private local model.
   [Client 9] Final ranking metrics saved.
🎉 [Client 9] Finished all 10 epochs successfully! Saved private local model.
   [Client 6] Final ranking metrics saved.
🎉 [Client 6] Finished all 10 epochs successfully! Saved private local model.
   [Client 8] Final ranking metrics saved.
🎉 [Client 8] Finished all 10 epochs successfully! Saved private local model.
   [Client 5] Final ranking metrics saved.
🎉 [Client 5] Finished all 10 epochs successfully! Saved private local model.
   [Client 3] Final ranking metrics saved.
🎉 [Client 3] Finished all 10 epochs successfully! Saved private local model.
   [Client 2] Final ranking metrics saved.
🎉 [Client 2] Finished all 10 epochs successfully! Saved private local model.
   [Client 1] Final ranking metrics saved.
🎉 [Client 1] Finished all 10 epochs successfully! Saved private local model.

🎉 SWARM LEARNING COMPLETE! All epochs finished and global models synchronized.
